name,country,end_year,is_state,location,participant,start_year
Indo-Pakistani War of 1965.,People's Republic of China,1965-01-01,True,Kashmir,India,1965-01-01
Indo-Pakistani War of 1965.,People's Republic of China,1965-01-01,True,Kashmir,Pakistan,1965-01-01
Indo-Pakistani War of 1965.,Pakistan,1965-01-01,True,Kashmir,India,1965-01-01
Indo-Pakistani War of 1965.,Pakistan,1965-01-01,True,Kashmir,Pakistan,1965-01-01
Indo-Pakistani War of 1965.,India,1965-01-01,True,Kashmir,India,1965-01-01
Indo-Pakistani War of 1965.,India,1965-01-01,True,Kashmir,Pakistan,1965-01-01
Croatian War of Independence,Croatia,1995-01-01,True,Croatia,Socialist Federal Republic of Yugoslavia,1991-01-01
Croatian War of Independence,Croatia,1995-01-01,True,Croatia,Republic of Bosnia and Herzegovina,1991-01-01
Croatian War of Independence,Croatia,1995-01-01,True,Croatia,Croatia,1991-01-01
Croatian War of Independence,Croatia,1995-01-01,True,Croatia,Republika Srpska,1991-01-01
Croatian War of Independence,Croatia,1995-01-01,True,Croatia,Republic of Serbian Krajina,1991-01-01
Croatian War of Independence,Croatia,1995-01-01,True,Croatia,Republic of Serbia,1991-01-01
Second Congo War,Democratic Republic of the Congo,2003-01-01,True,Democratic Republic of the Congo,Rwanda,1998-01-01
Second Congo War,Democratic Republic of the Congo,2003-01-01,True,Democratic Republic of the Congo,Democratic Republic of the Congo,1998-01-01
Second Congo War,Democratic Republic of the Congo,2003-01-01,True,Democratic Republic of the Congo,Chad,1998-01-01
Second Congo War,Democratic Republic of the Congo,2003-01-01,True,Democratic Republic of the Congo,Angola,1998-01-01
Second Congo War,Democratic Republic of the Congo,2003-01-01,True,Democratic Republic of the Congo,Sudan,1998-01-01
Second Congo War,Democratic Republic of the Congo,2003-01-01,True,Democratic Republic of the Congo,Burundi,1998-01-01
Second Congo War,Democratic Republic of the Congo,2003-01-01,True,Democratic Republic of the Congo,Namibia,1998-01-01
Second Congo War,Democratic Republic of the Congo,2003-01-01,True,Democratic Republic of the Congo,Uganda,1998-01-01
Second Congo War,Democratic Republic of the Congo,2003-01-01,True,Democratic Republic of the Congo,Zimbabwe,1998-01-01
Iran–Iraq War,Iran,1988-01-01,True,Persian Gulf,Sudan,1980-01-01
Iran–Iraq War,Iraq,1988-01-01,True,Persian Gulf,Iraq,1980-01-01
Iran–Iraq War,Iraq,1988-01-01,True,Persian Gulf,Iran,1980-01-01
2003 invasion of Iraq,Iraq,2003-01-01,True,Iraq,Poland,2003-01-01
2003 invasion of Iraq,Iraq,2003-01-01,True,Iraq,United Kingdom,2003-01-01
Iran–Iraq War,Iraq,1988-01-01,True,Persian Gulf,Sudan,1980-01-01
Iran–Iraq War,Iran,1988-01-01,True,Persian Gulf,Iraq,1980-01-01
Iran–Iraq War,Iran,1988-01-01,True,Persian Gulf,Iran,1980-01-01
2003 invasion of Iraq,Iraq,2003-01-01,True,Iraq,Australia,2003-01-01
2003 invasion of Iraq,Iraq,2003-01-01,True,Iraq,United States of America,2003-01-01
Second Chechen War,Russia,2009-01-01,True,Chechen Republic,Russia,1999-01-01
Second Chechen War,Russia,2009-01-01,True,Chechen Republic,Georgia,1999-01-01
Second Chechen War,Russia,2009-01-01,True,Chechen Republic,Chechen Republic of Ichkeria,1999-01-01
Iran–Iraq War,Iran,1988-01-01,True,Iran,Sudan,1980-01-01
Iran–Iraq War,Iraq,1988-01-01,True,Iran,Iraq,1980-01-01
Iran–Iraq War,Iraq,1988-01-01,True,Iran,Iran,1980-01-01
Iran–Iraq War,Iraq,1988-01-01,True,Iran,Sudan,1980-01-01
Iran–Iraq War,Iran,1988-01-01,True,Iran,Iraq,1980-01-01
Iran–Iraq War,Iran,1988-01-01,True,Iran,Iran,1980-01-01
Iran–Iraq War,Iran,1988-01-01,True,Iraq,Sudan,1980-01-01
Iran–Iraq War,Iraq,1988-01-01,True,Iraq,Iraq,1980-01-01
Iran–Iraq War,Iraq,1988-01-01,True,Iraq,Iran,1980-01-01
Iran–Iraq War,Iraq,1988-01-01,True,Iraq,Sudan,1980-01-01
Iran–Iraq War,Iran,1988-01-01,True,Iraq,Iraq,1980-01-01
Iran–Iraq War,Iran,1988-01-01,True,Iraq,Iran,1980-01-01
Shelling of Yeonpyeong,South Korea,2010-01-01,True,Yeonpyeong,South Korea,2010-01-01
Shelling of Yeonpyeong,South Korea,2010-01-01,True,Yeonpyeong,North Korea,2010-01-01
Operation Deliberate Force,Bosnia and Herzegovina,1995-01-01,True,Bosnia and Herzegovina,Netherlands,1995-01-01
Operation Deliberate Force,Bosnia and Herzegovina,1995-01-01,True,Bosnia and Herzegovina,Turkey,1995-01-01
Operation Deliberate Force,Bosnia and Herzegovina,1995-01-01,True,Bosnia and Herzegovina,United Kingdom,1995-01-01
Operation Deliberate Force,Bosnia and Herzegovina,1995-01-01,True,Bosnia and Herzegovina,France,1995-01-01
Operation Deliberate Force,Bosnia and Herzegovina,1995-01-01,True,Bosnia and Herzegovina,Canada,1995-01-01
Operation Deliberate Force,Bosnia and Herzegovina,1995-01-01,True,Bosnia and Herzegovina,Norway,1995-01-01
Operation Deliberate Force,Bosnia and Herzegovina,1995-01-01,True,Bosnia and Herzegovina,United States of America,1995-01-01
Operation Deliberate Force,Bosnia and Herzegovina,1995-01-01,True,Bosnia and Herzegovina,Spain,1995-01-01
Operation Deliberate Force,Bosnia and Herzegovina,1995-01-01,True,Bosnia and Herzegovina,Denmark,1995-01-01
Operation Deliberate Force,Bosnia and Herzegovina,1995-01-01,True,Bosnia and Herzegovina,Italy,1995-01-01
Operation Deliberate Force,Bosnia and Herzegovina,1995-01-01,True,Bosnia and Herzegovina,Luxembourg,1995-01-01
Operation Deliberate Force,Bosnia and Herzegovina,1995-01-01,True,Bosnia and Herzegovina,Belgium,1995-01-01
Operation Deliberate Force,Bosnia and Herzegovina,1995-01-01,True,Bosnia and Herzegovina,Germany,1995-01-01
Operation Deliberate Force,Bosnia and Herzegovina,1995-01-01,True,Bosnia and Herzegovina,Portugal,1995-01-01
Bosnian War,Bosnia and Herzegovina,1995-01-01,True,Bosnia and Herzegovina,Republic of Bosnia and Herzegovina,1992-01-01
Bosnian War,Bosnia and Herzegovina,1995-01-01,True,Bosnia and Herzegovina,Autonomous Province of Western Bosnia,1992-01-01
Bosnian War,Bosnia and Herzegovina,1995-01-01,True,Bosnia and Herzegovina,Croatia,1992-01-01
Bosnian War,Bosnia and Herzegovina,1995-01-01,True,Bosnia and Herzegovina,Republika Srpska,1992-01-01
Bosnian War,Bosnia and Herzegovina,1995-01-01,True,Bosnia and Herzegovina,Republic of Serbian Krajina,1992-01-01
Bosnian War,Bosnia and Herzegovina,1995-01-01,True,Bosnia and Herzegovina,Croatian Republic of Herzeg-Bosnia,1992-01-01
War in Afghanistan,Afghanistan,2014-01-01,True,Afghanistan,United Kingdom,2001-01-01
War in Afghanistan,Afghanistan,2014-01-01,True,Afghanistan,Canada,2001-01-01
War in Afghanistan,Afghanistan,2014-01-01,True,Afghanistan,Islamic Emirate of Afghanistan,2001-01-01
War in Afghanistan,Afghanistan,2014-01-01,True,Afghanistan,Australia,2001-01-01
War in Afghanistan,Afghanistan,2014-01-01,True,Afghanistan,United States of America,2001-01-01
War in Afghanistan,Afghanistan,2014-01-01,True,Afghanistan,Germany,2001-01-01
Uganda–Tanzania War,Uganda,1979-01-01,True,Uganda,Tanzania,1978-01-01
Uganda–Tanzania War,Uganda,1979-01-01,True,Uganda,Uganda,1978-01-01
Uganda–Tanzania War,Uganda,1979-01-01,True,Uganda,People's Republic of Mozambique,1978-01-01
Football War,Bolivia,1969-01-01,True,Bolivia,El Salvador,1969-01-01
Casamance conflict,Senegal,2014-01-01,True,Senegal,Senegal,1982-01-01
Sri Lankan Civil War,Sri Lanka,2009-01-01,True,Sri Lanka,Sri Lanka,1983-01-01
Football War,Bolivia,1969-01-01,True,Bolivia,Honduras,1969-01-01
Gaza War,Israel,2009-01-01,True,Gaza Strip,Israel,2008-01-01
Gaza War,Palestine,2009-01-01,True,Southern District,Israel,2008-01-01
Gaza War,Palestine,2009-01-01,True,Gaza Strip,Israel,2008-01-01
Gaza War,Israel,2009-01-01,True,Southern District,Israel,2008-01-01
War in North-West Pakistan,Pakistan,2017-01-01,True,Federally Administered Tribal Areas,United States of America,2004-01-01
War in North-West Pakistan,Pakistan,2017-01-01,True,Federally Administered Tribal Areas,Islamic State of Iraq and the Levant,2004-01-01
War in North-West Pakistan,Pakistan,2017-01-01,True,Federally Administered Tribal Areas,Pakistan,2004-01-01
War in North-West Pakistan,Pakistan,2017-01-01,True,Federally Administered Tribal Areas,United Kingdom,2004-01-01
Darfur conflict,Sudan,2017-01-01,True,Darfur,Sudan,2003-01-01
Toyota War,Chad,1987-01-01,True,Borkou-Ennedi-Tibesti Prefecture,France,1986-01-01
Ethio-Somali War,Ethiopia,1978-01-01,True,Ethiopia,Somalia,1977-01-01
Ethio-Somali War,Ethiopia,1978-01-01,True,Ethiopia,Ethiopia,1977-01-01
Ethio-Somali War,Ethiopia,1978-01-01,True,Ethiopia,Soviet Union,1977-01-01
Ethio-Somali War,Ethiopia,1978-01-01,True,Ogaden,Somalia,1977-01-01
Ethio-Somali War,Ethiopia,1978-01-01,True,Ogaden,Ethiopia,1977-01-01
Ethio-Somali War,Ethiopia,1978-01-01,True,Ogaden,Soviet Union,1977-01-01
Ethio-Somali War,Ethiopia,1978-01-01,True,Ethiopia,South Yemen,1977-01-01
Ethio-Somali War,Ethiopia,1978-01-01,True,Ethiopia,Cuba,1977-01-01
Ethio-Somali War,Ethiopia,1978-01-01,True,Ethiopia,Somali Democratic Republic,1977-01-01
Ethio-Somali War,Ethiopia,1978-01-01,True,Ogaden,South Yemen,1977-01-01
Ethio-Somali War,Ethiopia,1978-01-01,True,Ogaden,Cuba,1977-01-01
Ethio-Somali War,Ethiopia,1978-01-01,True,Ogaden,Somali Democratic Republic,1977-01-01
War of Attrition,Egypt,1970-01-01,True,Sinai Peninsula,Egypt,1967-01-01
War of Attrition,Egypt,1970-01-01,True,Sinai Peninsula,Israel,1967-01-01
War of Attrition,Egypt,1970-01-01,True,Sinai Peninsula,Syria,1967-01-01
War of Attrition,Egypt,1970-01-01,True,Sinai Peninsula,Jordan,1967-01-01
War of Attrition,Egypt,1970-01-01,True,Sinai Peninsula,Soviet Union,1967-01-01
War of Attrition,Egypt,1970-01-01,True,Sinai Peninsula,Cuba,1967-01-01
Nagorno-Karabakh War,Azerbaijan,1994-01-01,True,Azerbaijan,Armenian Soviet Socialist Republic,1988-01-01
Nagorno-Karabakh War,Armenia,1994-01-01,True,Azerbaijan,Artsakh,1988-01-01
Nagorno-Karabakh War,Armenia,1994-01-01,True,Azerbaijan,Armenian Soviet Socialist Republic,1988-01-01
Nagorno-Karabakh War,Azerbaijan,1994-01-01,True,Azerbaijan,Armenia,1988-01-01
Nagorno-Karabakh War,Armenia,1994-01-01,True,Azerbaijan,Armenia,1988-01-01
Nagorno-Karabakh War,Azerbaijan,1994-01-01,True,Azerbaijan,Azerbaijan Soviet Socialist Republic,1988-01-01
Nagorno-Karabakh War,Azerbaijan,1994-01-01,True,Azerbaijan,Soviet Union,1988-01-01
Nagorno-Karabakh War,Azerbaijan,1994-01-01,True,Azerbaijan,Azerbaijan,1988-01-01
Nagorno-Karabakh War,Armenia,1994-01-01,True,Azerbaijan,Azerbaijan Soviet Socialist Republic,1988-01-01
Nagorno-Karabakh War,Armenia,1994-01-01,True,Azerbaijan,Soviet Union,1988-01-01
Nagorno-Karabakh War,Armenia,1994-01-01,True,Azerbaijan,Azerbaijan,1988-01-01
Nagorno-Karabakh War,Azerbaijan,1994-01-01,True,Azerbaijan,Artsakh,1988-01-01
Nagorno-Karabakh War,Armenia,1994-01-01,True,Armenia,Artsakh,1988-01-01
Nagorno-Karabakh War,Azerbaijan,1994-01-01,True,Armenia,Armenia,1988-01-01
Nagorno-Karabakh War,Armenia,1994-01-01,True,Armenia,Armenia,1988-01-01
Nagorno-Karabakh War,Azerbaijan,1994-01-01,True,Armenia,Soviet Union,1988-01-01
Nagorno-Karabakh War,Azerbaijan,1994-01-01,True,Armenia,Azerbaijan,1988-01-01
Nagorno-Karabakh War,Armenia,1994-01-01,True,Armenia,Soviet Union,1988-01-01
Nagorno-Karabakh War,Armenia,1994-01-01,True,Armenia,Azerbaijan,1988-01-01
Nagorno-Karabakh War,Azerbaijan,1994-01-01,True,Armenia,Artsakh,1988-01-01
Nagorno-Karabakh War,Azerbaijan,1994-01-01,True,Nagorno-Karabakh,Artsakh,1988-01-01
Bangladesh Liberation War,Pakistan,1971-01-01,True,East Pakistan,India,1971-01-01
Bangladesh Liberation War,Pakistan,1971-01-01,True,East Pakistan,Pakistan,1971-01-01
Nagorno-Karabakh War,Azerbaijan,1994-01-01,True,Armenia,Armenian Soviet Socialist Republic,1988-01-01
Nagorno-Karabakh War,Armenia,1994-01-01,True,Armenia,Armenian Soviet Socialist Republic,1988-01-01
Nagorno-Karabakh War,Azerbaijan,1994-01-01,True,Armenia,Azerbaijan Soviet Socialist Republic,1988-01-01
Nagorno-Karabakh War,Armenia,1994-01-01,True,Armenia,Azerbaijan Soviet Socialist Republic,1988-01-01
Nagorno-Karabakh War,Azerbaijan,1994-01-01,True,Nagorno-Karabakh,Armenian Soviet Socialist Republic,1988-01-01
Nagorno-Karabakh War,Armenia,1994-01-01,True,Nagorno-Karabakh,Artsakh,1988-01-01
Nagorno-Karabakh War,Armenia,1994-01-01,True,Nagorno-Karabakh,Armenian Soviet Socialist Republic,1988-01-01
Nagorno-Karabakh War,Azerbaijan,1994-01-01,True,Nagorno-Karabakh,Armenia,1988-01-01
Nagorno-Karabakh War,Armenia,1994-01-01,True,Nagorno-Karabakh,Armenia,1988-01-01
Nagorno-Karabakh War,Azerbaijan,1994-01-01,True,Nagorno-Karabakh,Azerbaijan Soviet Socialist Republic,1988-01-01
Nagorno-Karabakh War,Azerbaijan,1994-01-01,True,Nagorno-Karabakh,Soviet Union,1988-01-01
Nagorno-Karabakh War,Azerbaijan,1994-01-01,True,Nagorno-Karabakh,Azerbaijan,1988-01-01
Nagorno-Karabakh War,Armenia,1994-01-01,True,Nagorno-Karabakh,Azerbaijan Soviet Socialist Republic,1988-01-01
Nagorno-Karabakh War,Armenia,1994-01-01,True,Nagorno-Karabakh,Soviet Union,1988-01-01
Nagorno-Karabakh War,Armenia,1994-01-01,True,Nagorno-Karabakh,Azerbaijan,1988-01-01
Chadian–Libyan conflict,Chad,1987-01-01,True,Chad,Zaire,1978-01-01
Chadian–Libyan conflict,Chad,1987-01-01,True,Chad,Chad,1978-01-01
Chadian–Libyan conflict,Chad,1987-01-01,True,Chad,France,1978-01-01
Kurdish–Turkish conflict,Iraq,2017-01-01,True,Eastern Anatolia Region,Turkey,2015-01-01
Kurdish–Turkish conflict,Turkey,2017-01-01,True,Eastern Anatolia Region,Turkey,2015-01-01
Kurdish–Turkish conflict,Iraq,2017-01-01,True,Southeastern Anatolia Region,Turkey,2015-01-01
Kurdish–Turkish conflict,Turkey,2017-01-01,True,Southeastern Anatolia Region,Turkey,2015-01-01
Kurdish–Turkish conflict,Turkey,2017-01-01,True,Kurdistan Region,Turkey,2015-01-01
Kurdish–Turkish conflict,Iraq,2017-01-01,True,Kurdistan Region,Turkey,2015-01-01
Kurdish–Turkish conflict,Iraq,2017-01-01,True,Syria–Turkey border,Turkey,2015-01-01
Kurdish–Turkish conflict,Turkey,2017-01-01,True,Syria–Turkey border,Turkey,2015-01-01
Russo-Georgian War,Georgia,2008-01-01,True,South Ossetia,Russia,2008-01-01
Russo-Georgian War,Georgia,2008-01-01,True,South Ossetia,Georgia,2008-01-01
Russo-Georgian War,Georgia,2008-01-01,True,South Ossetia,South Ossetia,2008-01-01
War of Transnistria,Moldova,1992-01-01,True,Transnistria,Russia,1992-01-01
Cambodian–Vietnamese War,Cambodia,1991-01-01,True,Cambodia,Democratic Kampuchea,1977-01-01
Cambodian–Vietnamese War,Cambodia,1991-01-01,True,Cambodia,People's Republic of Kampuchea,1977-01-01
Cambodian–Vietnamese War,Cambodia,1991-01-01,True,Cambodia,Vietnam,1977-01-01
Invasion of Dagestan,Russia,1999-01-01,True,Republic of Dagestan,Russia,1999-01-01
Cambodian–Vietnamese War,Cambodia,1991-01-01,True,Cambodia,Thailand,1977-01-01
War of Transnistria,Moldova,1992-01-01,True,Transnistria,Transnistria,1992-01-01
War of Transnistria,Moldova,1992-01-01,True,Transnistria,Ukraine,1992-01-01
War of Transnistria,Moldova,1992-01-01,True,Transnistria,Moldova,1992-01-01
Kivu conflict,Democratic Republic of the Congo,2017-01-01,True,Kivu,Zimbabwe,2004-01-01
Kivu conflict,Democratic Republic of the Congo,2017-01-01,True,Kivu,Botswana,2004-01-01
Kivu conflict,Democratic Republic of the Congo,2017-01-01,True,Kivu,Democratic Republic of the Congo,2004-01-01
Kivu conflict,Democratic Republic of the Congo,2017-01-01,True,Kivu,Angola,2004-01-01
Kurdish–Turkish conflict,Syria,2017-01-01,True,Syria–Turkey border,Turkey,2015-01-01
Kurdish–Turkish conflict,Syria,2017-01-01,True,Kurdistan Region,Turkey,2015-01-01
North Yemen Civil War,Yemen,1970-01-01,True,North Yemen,Yemen Arab Republic,1962-01-01
North Yemen Civil War,Yemen,1970-01-01,True,North Yemen,Saudi Arabia,1962-01-01
North Yemen Civil War,Yemen,1970-01-01,True,North Yemen,Mutawakkilite Kingdom of Yemen,1962-01-01
North Yemen Civil War,Yemen,1970-01-01,True,North Yemen,United Arab Republic,1962-01-01
Agacher Strip War,Mali,1985-01-01,True,Burkina Faso–Mali border,Mali,1985-01-01
Agacher Strip War,Burkina Faso,1985-01-01,True,Burkina Faso–Mali border,Burkina Faso,1985-01-01
Agacher Strip War,Burkina Faso,1985-01-01,True,Burkina Faso–Mali border,Mali,1985-01-01
Agacher Strip War,Mali,1985-01-01,True,Burkina Faso–Mali border,Burkina Faso,1985-01-01
Kurdish–Turkish conflict,Syria,2017-01-01,True,Eastern Anatolia Region,Turkey,2015-01-01
Kurdish–Turkish conflict,Syria,2017-01-01,True,Southeastern Anatolia Region,Turkey,2015-01-01
2001 insurgency in the Republic of Macedonia,North Macedonia,2001-01-01,True,Kumanovo Municipality,Ukraine,2001-01-01
2001 insurgency in the Republic of Macedonia,North Macedonia,2001-01-01,True,Kumanovo Municipality,Serbia and Montenegro,2001-01-01
2001 insurgency in the Republic of Macedonia,North Macedonia,2001-01-01,True,Kumanovo Municipality,North Macedonia,2001-01-01
2001 insurgency in the Republic of Macedonia,North Macedonia,2001-01-01,True,Kumanovo Municipality,Bulgaria,2001-01-01
2001 insurgency in the Republic of Macedonia,North Macedonia,2001-01-01,True,Polog,Ukraine,2001-01-01
2001 insurgency in the Republic of Macedonia,North Macedonia,2001-01-01,True,Polog,Serbia and Montenegro,2001-01-01
2001 insurgency in the Republic of Macedonia,North Macedonia,2001-01-01,True,Polog,North Macedonia,2001-01-01
2001 insurgency in the Republic of Macedonia,North Macedonia,2001-01-01,True,Polog,Bulgaria,2001-01-01
Eritrean–Ethiopian War,Eritrea,2000-01-01,True,Ethiopia,Ethiopia,1998-01-01
Eritrean–Ethiopian War,Eritrea,2000-01-01,True,Ethiopia,Eritrea,1998-01-01
Eritrean–Ethiopian War,Ethiopia,2000-01-01,True,Ethiopia,Ethiopia,1998-01-01
Eritrean–Ethiopian War,Ethiopia,2000-01-01,True,Ethiopia,Eritrea,1998-01-01
Second Sudanese Civil War,Ethiopia,2005-01-01,True,Blue Nile,Zaire,1983-01-01
Eritrean–Ethiopian War,Eritrea,2000-01-01,True,Eritrea,Ethiopia,1998-01-01
Eritrean–Ethiopian War,Eritrea,2000-01-01,True,Eritrea,Eritrea,1998-01-01
Eritrean–Ethiopian War,Ethiopia,2000-01-01,True,Eritrea,Ethiopia,1998-01-01
Second Sudanese Civil War,Sudan,2005-01-01,True,Blue Nile,Sudan,1983-01-01
Eritrean–Ethiopian War,Ethiopia,2000-01-01,True,Eritrea,Eritrea,1998-01-01
Second Sudanese Civil War,Sudan,2005-01-01,True,Blue Nile,Uganda,1983-01-01
Second Sudanese Civil War,Ethiopia,2005-01-01,True,Blue Nile,Sudan,1983-01-01
Second Sudanese Civil War,Ethiopia,2005-01-01,True,Blue Nile,Uganda,1983-01-01
Second Sudanese Civil War,Sudan,2005-01-01,True,Blue Nile,Zaire,1983-01-01
Republic of the Congo Civil War,Republic of the Congo,1999-01-01,True,Republic of the Congo,Chad,1997-01-01
Republic of the Congo Civil War,Republic of the Congo,1999-01-01,True,Republic of the Congo,Angola,1997-01-01
Croat–Bosniak War,Bosnia and Herzegovina,1994-01-01,True,Bosnia and Herzegovina,Republic of Bosnia and Herzegovina,1992-01-01
Croat–Bosniak War,Bosnia and Herzegovina,1994-01-01,True,Bosnia and Herzegovina,Croatia,1992-01-01
Republic of the Congo Civil War,Republic of the Congo,1999-01-01,True,Republic of the Congo,Republic of the Congo,1997-01-01
Croat–Bosniak War,Bosnia and Herzegovina,1994-01-01,True,Bosnia and Herzegovina,Croatian Republic of Herzeg-Bosnia,1992-01-01
Republic of the Congo Civil War,Republic of the Congo,1999-01-01,True,Republic of the Congo,Rwanda,1997-01-01
War in Somalia (2006-2009),Somalia,2009-01-01,True,Somalia,Ethiopia,2006-01-01
War in Abkhazia,Georgia,1993-01-01,True,Abkhazia,Russia,1992-01-01
War in Abkhazia,Georgia,1993-01-01,True,Abkhazia,Georgia,1992-01-01
Civil war in Tajikistan,Tajikistan,1997-01-01,True,Tajikistan,Russia,1992-01-01
Civil war in Tajikistan,Tajikistan,1997-01-01,True,Tajikistan,Tajikistan,1992-01-01
War in Somalia (2006-2009),Somalia,2009-01-01,True,Somalia,Islamic Courts Union,2006-01-01
Civil war in Tajikistan,Tajikistan,1997-01-01,True,Tajikistan,Islamic State of Afghanistan,1992-01-01
Civil war in Tajikistan,Tajikistan,1997-01-01,True,Tajikistan,Uzbekistan,1992-01-01
Civil war in Tajikistan,Tajikistan,1997-01-01,True,Tajikistan,Kazakhstan,1992-01-01
Civil war in Tajikistan,Tajikistan,1997-01-01,True,Tajikistan,Kyrgyzstan,1992-01-01
Indonesia–Malaysia confrontation,Singapore,1966-01-01,True,Malay Peninsula,Indonesia,1963-01-01
Indonesia–Malaysia confrontation,Malaysia,1966-01-01,True,Malay Peninsula,Indonesia,1963-01-01
Indonesia–Malaysia confrontation,Thailand,1966-01-01,True,Malay Peninsula,Malaysia,1963-01-01
Indonesia–Malaysia confrontation,Singapore,1966-01-01,True,Malay Peninsula,Malaysia,1963-01-01
Indonesia–Malaysia confrontation,Malaysia,1966-01-01,True,Malay Peninsula,Malaysia,1963-01-01
Indonesia–Malaysia confrontation,Thailand,1966-01-01,True,Malay Peninsula,Indonesia,1963-01-01
Shifta War,Kenya,1967-01-01,True,North Eastern Province,Somali Republic,1963-01-01
Kargil War,India,1999-01-01,True,Kargil district,India,1999-01-01
Kargil War,India,1999-01-01,True,Kargil district,Pakistan,1999-01-01
Shifta War,Kenya,1967-01-01,True,North Eastern Province,Kenya,1963-01-01
Sand War,Algeria,1964-01-01,True,Tindouf Province,Cuba,1963-01-01
Sand War,Algeria,1964-01-01,True,Tindouf Province,Algeria,1963-01-01
Sand War,Algeria,1964-01-01,True,Tindouf Province,Morocco,1963-01-01
Indo-Pakistani War of 1971,India,1971-01-01,True,Bay of Bengal,India,1971-01-01
Indo-Pakistani War of 1971,India,1971-01-01,True,Bay of Bengal,Pakistan,1971-01-01
Indo-Pakistani War of 1971,India,1971-01-01,True,Arabian Sea,India,1971-01-01
Indo-Pakistani War of 1971,India,1971-01-01,True,Indo-Bangladesh enclaves,India,1971-01-01
Indo-Pakistani War of 1971,India,1971-01-01,True,Arabian Sea,Pakistan,1971-01-01
Indo-Pakistani War of 1971,India,1971-01-01,True,Indo-Bangladesh enclaves,Pakistan,1971-01-01
Indo-Pakistani War of 1971,India,1971-01-01,True,Line of Control,India,1971-01-01
Indo-Pakistani War of 1971,India,1971-01-01,True,Line of Control,Pakistan,1971-01-01
Indo-Pakistani War of 1971,India,1971-01-01,True,India–Pakistan border,India,1971-01-01
Indo-Pakistani War of 1971,India,1971-01-01,True,India–Pakistan border,Pakistan,1971-01-01
Indo-Pakistani War of 1971,India,1971-01-01,True,Bangladesh–India border,India,1971-01-01
Indo-Pakistani War of 1971,India,1971-01-01,True,Bangladesh–India border,Pakistan,1971-01-01
Indo-Pakistani War of 1971,Bangladesh,1971-01-01,True,Bay of Bengal,India,1971-01-01
Indo-Pakistani War of 1971,Bangladesh,1971-01-01,True,Bay of Bengal,Pakistan,1971-01-01
Indo-Pakistani War of 1971,Pakistan,1971-01-01,True,Bay of Bengal,India,1971-01-01
Indo-Pakistani War of 1971,Pakistan,1971-01-01,True,Bay of Bengal,Pakistan,1971-01-01
Indo-Pakistani War of 1971,Bangladesh,1971-01-01,True,Arabian Sea,India,1971-01-01
Indo-Pakistani War of 1971,Bangladesh,1971-01-01,True,Arabian Sea,Pakistan,1971-01-01
Indo-Pakistani War of 1971,Pakistan,1971-01-01,True,Arabian Sea,India,1971-01-01
Indo-Pakistani War of 1971,Pakistan,1971-01-01,True,Arabian Sea,Pakistan,1971-01-01
Indo-Pakistani War of 1971,Bangladesh,1971-01-01,True,Indo-Bangladesh enclaves,India,1971-01-01
Indo-Pakistani War of 1971,Bangladesh,1971-01-01,True,India–Pakistan border,India,1971-01-01
Indo-Pakistani War of 1971,Bangladesh,1971-01-01,True,Indo-Bangladesh enclaves,Pakistan,1971-01-01
Indo-Pakistani War of 1971,Bangladesh,1971-01-01,True,India–Pakistan border,Pakistan,1971-01-01
Indo-Pakistani War of 1971,Pakistan,1971-01-01,True,Indo-Bangladesh enclaves,India,1971-01-01
Indo-Pakistani War of 1971,Pakistan,1971-01-01,True,India–Pakistan border,India,1971-01-01
Indo-Pakistani War of 1971,Pakistan,1971-01-01,True,Indo-Bangladesh enclaves,Pakistan,1971-01-01
Indo-Pakistani War of 1971,Pakistan,1971-01-01,True,India–Pakistan border,Pakistan,1971-01-01
Indo-Pakistani War of 1971,Bangladesh,1971-01-01,True,Line of Control,India,1971-01-01
Indo-Pakistani War of 1971,Bangladesh,1971-01-01,True,Bangladesh–India border,India,1971-01-01
Indo-Pakistani War of 1971,Bangladesh,1971-01-01,True,Line of Control,Pakistan,1971-01-01
Indo-Pakistani War of 1971,Bangladesh,1971-01-01,True,Bangladesh–India border,Pakistan,1971-01-01
Indo-Pakistani War of 1971,Pakistan,1971-01-01,True,Line of Control,India,1971-01-01
Indo-Pakistani War of 1971,Pakistan,1971-01-01,True,Bangladesh–India border,India,1971-01-01
Indo-Pakistani War of 1971,Pakistan,1971-01-01,True,Line of Control,Pakistan,1971-01-01
Indo-Pakistani War of 1971,Pakistan,1971-01-01,True,Bangladesh–India border,Pakistan,1971-01-01
Indonesian invasion of East Timor,East Timor,1979-01-01,True,East Timor,East Timor,1975-01-01
Indonesian invasion of East Timor,East Timor,1979-01-01,True,East Timor,Indonesia,1975-01-01
War over Water,Jordan,1967-01-01,True,Jordan Valley,Jordan,1964-01-01
War over Water,Jordan,1967-01-01,True,Jordan Valley,Israel,1964-01-01
War over Water,Jordan,1967-01-01,True,Jordan Valley,Syria,1964-01-01
War over Water,Jordan,1967-01-01,True,Jordan Valley,Lebanon,1964-01-01
Operation Winter '94,Bosnia and Herzegovina,1994-01-01,True,Croatia,Croatian Republic of Herzeg-Bosnia,1994-01-01
Operation Winter '94,Croatia,1994-01-01,True,Croatia,Croatia,1994-01-01
Operation Winter '94,Croatia,1994-01-01,True,Bosnia and Herzegovina,Croatia,1994-01-01
Operation Winter '94,Bosnia and Herzegovina,1994-01-01,True,Croatia,Croatia,1994-01-01
Operation Winter '94,Croatia,1994-01-01,True,Croatia,Croatian Republic of Herzeg-Bosnia,1994-01-01
Operation Winter '94,Bosnia and Herzegovina,1994-01-01,True,Bosnia and Herzegovina,Croatian Republic of Herzeg-Bosnia,1994-01-01
Indian intervention in the Sri Lankan Civil War,Sri Lanka,1990-01-01,True,Sri Lanka,Sri Lanka,1987-01-01
Operation Winter '94,Bosnia and Herzegovina,1994-01-01,True,Bosnia and Herzegovina,Croatia,1994-01-01
Operation Winter '94,Croatia,1994-01-01,True,Bosnia and Herzegovina,Croatian Republic of Herzeg-Bosnia,1994-01-01
Eelam War II,Sri Lanka,1995-01-01,True,Sri Lanka,Sri Lanka,1990-01-01
Eelam War III,Sri Lanka,2002-01-01,True,Sri Lanka,Sri Lanka,1995-01-01
Iraq War troop surge of 2007,Iraq,2008-01-01,True,Iraq,United States of America,2007-01-01
Djiboutian–Eritrean border conflict,Djibouti,2008-01-01,True,Ras Doumeira,Eritrea,2008-01-01
Eelam War I,Sri Lanka,1987-01-01,True,Sri Lanka,Sri Lanka,1983-01-01
Djiboutian–Eritrean border conflict,Djibouti,2008-01-01,True,Ras Doumeira,Djibouti,2008-01-01
War in Donbass,Ukraine,2017-01-01,True,Luhansk Oblast,Luhansk People's Republic,2014-01-01
War in Donbass,Ukraine,2017-01-01,True,Luhansk Oblast,Ukraine,2014-01-01
War in Donbass,Ukraine,2017-01-01,True,Luhansk Oblast,Russia,2014-01-01
War in Donbass,Ukraine,2017-01-01,True,Luhansk Oblast,Donetsk People's Republic,2014-01-01
War in Donbass,Ukraine,2017-01-01,True,Donets Basin,Russia,2014-01-01
War in Donbass,Ukraine,2017-01-01,True,Donets Basin,Donetsk People's Republic,2014-01-01
War in Donbass,Ukraine,2017-01-01,True,Donets Basin,Luhansk People's Republic,2014-01-01
War in Donbass,Ukraine,2017-01-01,True,Donets Basin,Ukraine,2014-01-01
War in Donbass,Ukraine,2017-01-01,True,Donetsk Oblast,Ukraine,2014-01-01
War in Donbass,Ukraine,2017-01-01,True,Donetsk Oblast,Russia,2014-01-01
War in Donbass,Ukraine,2017-01-01,True,Donetsk Oblast,Donetsk People's Republic,2014-01-01
War in Donbass,Ukraine,2017-01-01,True,Donetsk Oblast,Luhansk People's Republic,2014-01-01
2014 Israel–Gaza conflict,Palestine,2014-01-01,True,Israel,Israel,2014-01-01
2014 Israel–Gaza conflict,Israel,2014-01-01,True,Israel,Israel,2014-01-01
2014 Israel–Gaza conflict,Palestine,2014-01-01,True,Israel,Israel,2014-01-01
2014 Israel–Gaza conflict,Israel,2014-01-01,True,Israel,Israel,2014-01-01
2014 Israel–Gaza conflict,Palestine,2014-01-01,True,Gaza Strip,Israel,2014-01-01
2014 Israel–Gaza conflict,Israel,2014-01-01,True,Gaza Strip,Israel,2014-01-01
Eastern Theater of Eelam War IV,Sri Lanka,2007-01-01,True,Sri Lanka,Sri Lanka,2006-01-01
2014 Israel–Gaza conflict,Palestine,2014-01-01,True,Gaza Strip,Israel,2014-01-01
2014 Israel–Gaza conflict,Israel,2014-01-01,True,Gaza Strip,Israel,2014-01-01
Iraqi Civil War (2014–present),Iraq,2017-01-01,True,Iraq,Kurdistan Region,2014-01-01
Iraqi Civil War (2014–present),Iraq,2017-01-01,True,Iraq,Iran,2014-01-01
Iraqi Civil War (2014–present),Iraq,2017-01-01,True,Iraq,Islamic State of Iraq and the Levant,2014-01-01
Iraqi Civil War (2014–present),Iraq,2017-01-01,True,Iraq,Syria,2014-01-01
War in Afghanistan (2015–),Afghanistan,2017-01-01,True,Afghanistan,Czech Republic,2015-01-01
War in Afghanistan (2015–),Afghanistan,2017-01-01,True,Afghanistan,Australia,2015-01-01
War in Afghanistan (2015–),Afghanistan,2017-01-01,True,Afghanistan,United States of America,2015-01-01
War in Afghanistan (2015–),Afghanistan,2017-01-01,True,Afghanistan,Italy,2015-01-01
War in Afghanistan (2015–),Afghanistan,2017-01-01,True,Afghanistan,Germany,2015-01-01
War in Afghanistan (2015–),Afghanistan,2017-01-01,True,Afghanistan,Georgia,2015-01-01
War in Afghanistan (2015–),Afghanistan,2017-01-01,True,Afghanistan,Poland,2015-01-01
War in Afghanistan (2015–),Afghanistan,2017-01-01,True,Afghanistan,Romania,2015-01-01
Libyan civil war (2014–),Libya,2017-01-01,True,Libya,Islamic State of Iraq and the Levant,2014-01-01
Aleppo offensive,Syria,2013-01-01,True,Aleppo Governorate,Islamic State of Iraq and the Levant,2013-01-01
War in Afghanistan (2015–),Afghanistan,2017-01-01,True,Afghanistan,Turkey,2015-01-01
War in Afghanistan (2015–),Afghanistan,2017-01-01,True,Afghanistan,United Kingdom,2015-01-01
Aleppo offensive,Syria,2013-01-01,True,Aleppo Governorate,Syria,2013-01-01
Saudi Arabian-led intervention in Yemen,Yemen,2017-01-01,True,Yemen,Bahrain,2015-01-01
Saudi Arabian-led intervention in Yemen,Yemen,2017-01-01,True,Yemen,United Arab Emirates,2015-01-01
Saudi Arabian-led intervention in Yemen,Yemen,2017-01-01,True,Yemen,Saudi Arabia,2015-01-01
Second Rwanda War,Rwanda,1994-01-01,True,Rwanda,Rwanda,1994-01-01
Second Liberia War,Liberia,1995-01-01,True,Liberia,Liberia,1992-01-01
Second Liberia War,Liberia,1995-01-01,True,Liberia,Nigeria,1992-01-01
Third Rwanda War,Rwanda,1998-01-01,True,Rwanda,Rwanda,1997-01-01
Second Cambodia Civil,Cambodia,1997-01-01,True,Cambodia,Cambodia,1993-01-01
Third Guatemala War,Guatemala,1984-01-01,True,Guatemala,Guatemala,1978-01-01
First Burundi War,Burundi,1972-01-01,True,Burundi,Burundi,1972-01-01
Second Guatemala War,Guatemala,1971-01-01,True,Guatemala,Guatemala,1970-01-01
First Uganda War,Uganda,1966-01-01,True,Uganda,Uganda,1966-01-01
First Rwanda War,Rwanda,1964-01-01,True,Rwanda,Rwanda,1963-01-01
First Chad (FROLINAT) Rebellion,Chad,1971-01-01,True,Chad,France,1966-01-01
First Guatemala War,Guatemala,1968-01-01,True,Guatemala,Guatemala,1966-01-01
First Guatemala War,Guatemala,1968-01-01,True,Guatemala,United States of America,1966-01-01
First Chad (FROLINAT) Rebellion,Chad,1971-01-01,True,Chad,Chad,1966-01-01
Georgia War,Georgia,1992-01-01,True,Georgia,Georgia,1991-01-01
Dniestrian Independence War,Moldova,1992-01-01,True,Transnistria,Transnistria,1991-01-01
Dniestrian Independence War,Moldova,1992-01-01,True,Transnistria,Moldova,1991-01-01
Algerian Islamic Front War,Algeria,1999-01-01,True,Algeria,Algeria,1991-01-01
1964 Ethiopian-Somali Border War,Ethiopia,1964-01-01,True,Ogaden,Somali Republic,1964-01-01
Manbij offensive,Syria,2017-01-01,True,Manbij,Islamic State of Iraq and the Levant,2016-01-01
Aleppo offensive,Syria,2017-01-01,True,Aleppo Governorate,Syria,2016-01-01
1964 Ethiopian-Somali Border War,Ethiopia,1964-01-01,True,Ogaden,Ethiopian Empire,1964-01-01
Gulf War,Kuwait,1991-01-01,True,Kuwait,United Kingdom,1990-01-01
Gulf War,Qatar,1991-01-01,True,Israel,United Kingdom,1990-01-01
Gulf War,Iraq,1991-01-01,True,Kuwait,United Kingdom,1990-01-01
Gulf War,Kuwait,1991-01-01,True,Saudi Arabia,United Kingdom,1990-01-01
Gulf War,Kuwait,1991-01-01,True,Iraq,United Kingdom,1990-01-01
Gulf War,Iraq,1991-01-01,True,Saudi Arabia,United Kingdom,1990-01-01
Gulf War,Iraq,1991-01-01,True,Iraq,United Kingdom,1990-01-01
Gulf War,Yemen,1991-01-01,True,Israel,United States of America,1990-01-01
Gulf War,Oman,1991-01-01,True,Israel,United States of America,1990-01-01
Gulf War,Qatar,1991-01-01,True,Kuwait,United Kingdom,1990-01-01
Gulf War,Qatar,1991-01-01,True,Saudi Arabia,United Kingdom,1990-01-01
Gulf War,Qatar,1991-01-01,True,Iraq,United Kingdom,1990-01-01
Gulf War,Yemen,1991-01-01,True,Kuwait,United States of America,1990-01-01
Gulf War,Oman,1991-01-01,True,Kuwait,United States of America,1990-01-01
Gulf War,Yemen,1991-01-01,True,Saudi Arabia,United States of America,1990-01-01
Gulf War,Yemen,1991-01-01,True,Iraq,United States of America,1990-01-01
Gulf War,Bahrain,1991-01-01,True,Israel,United Kingdom,1990-01-01
Gulf War,Israel,1991-01-01,True,Israel,United Kingdom,1990-01-01
Gulf War,United Arab Emirates,1991-01-01,True,Israel,United Kingdom,1990-01-01
Gulf War,Oman,1991-01-01,True,Iraq,United States of America,1990-01-01
Gulf War,Jordan,1991-01-01,True,Israel,United Kingdom,1990-01-01
Gulf War,Saudi Arabia,1991-01-01,True,Israel,United States of America,1990-01-01
Gulf War,Bahrain,1991-01-01,True,Kuwait,United Kingdom,1990-01-01
Gulf War,Israel,1991-01-01,True,Kuwait,United Kingdom,1990-01-01
Gulf War,United Arab Emirates,1991-01-01,True,Kuwait,United Kingdom,1990-01-01
Gulf War,Bahrain,1991-01-01,True,Saudi Arabia,United Kingdom,1990-01-01
Gulf War,Israel,1991-01-01,True,Saudi Arabia,United Kingdom,1990-01-01
Gulf War,United Arab Emirates,1991-01-01,True,Saudi Arabia,United Kingdom,1990-01-01
Gulf War,Jordan,1991-01-01,True,Kuwait,United Kingdom,1990-01-01
Gulf War,Bahrain,1991-01-01,True,Iraq,United Kingdom,1990-01-01
Gulf War,Israel,1991-01-01,True,Iraq,United Kingdom,1990-01-01
Gulf War,United Arab Emirates,1991-01-01,True,Iraq,United Kingdom,1990-01-01
Gulf War,Jordan,1991-01-01,True,Saudi Arabia,United Kingdom,1990-01-01
Gulf War,Jordan,1991-01-01,True,Iraq,United Kingdom,1990-01-01
Gulf War,Saudi Arabia,1991-01-01,True,Kuwait,United States of America,1990-01-01
Gulf War,Kuwait,1991-01-01,True,Israel,United States of America,1990-01-01
Gulf War,Saudi Arabia,1991-01-01,True,Saudi Arabia,United States of America,1990-01-01
Gulf War,Saudi Arabia,1991-01-01,True,Iraq,United States of America,1990-01-01
Gulf War,Iraq,1991-01-01,True,Israel,United States of America,1990-01-01
Gulf War,Kuwait,1991-01-01,True,Kuwait,United States of America,1990-01-01
Gulf War,Qatar,1991-01-01,True,Israel,United States of America,1990-01-01
Gulf War,Iraq,1991-01-01,True,Kuwait,United States of America,1990-01-01
Gulf War,Kuwait,1991-01-01,True,Saudi Arabia,United States of America,1990-01-01
Gulf War,Kuwait,1991-01-01,True,Iraq,United States of America,1990-01-01
Gulf War,Iraq,1991-01-01,True,Saudi Arabia,United States of America,1990-01-01
Gulf War,Iraq,1991-01-01,True,Iraq,United States of America,1990-01-01
Gulf War,Qatar,1991-01-01,True,Kuwait,United States of America,1990-01-01
Gulf War,Yemen,1991-01-01,True,Israel,United Kingdom,1990-01-01
Gulf War,Qatar,1991-01-01,True,Iraq,United States of America,1990-01-01
Gulf War,Oman,1991-01-01,True,Israel,United Kingdom,1990-01-01
Gulf War,Bahrain,1991-01-01,True,Israel,United States of America,1990-01-01
Gulf War,Israel,1991-01-01,True,Israel,United States of America,1990-01-01
Gulf War,United Arab Emirates,1991-01-01,True,Israel,United States of America,1990-01-01
Gulf War,Yemen,1991-01-01,True,Kuwait,United Kingdom,1990-01-01
Gulf War,Jordan,1991-01-01,True,Israel,United States of America,1990-01-01
Gulf War,Oman,1991-01-01,True,Kuwait,United Kingdom,1990-01-01
Gulf War,Yemen,1991-01-01,True,Saudi Arabia,United Kingdom,1990-01-01
Gulf War,Yemen,1991-01-01,True,Iraq,United Kingdom,1990-01-01
Gulf War,Oman,1991-01-01,True,Saudi Arabia,United Kingdom,1990-01-01
Gulf War,Oman,1991-01-01,True,Iraq,United Kingdom,1990-01-01
Gulf War,Bahrain,1991-01-01,True,Kuwait,United States of America,1990-01-01
Gulf War,Israel,1991-01-01,True,Kuwait,United States of America,1990-01-01
Gulf War,United Arab Emirates,1991-01-01,True,Kuwait,United States of America,1990-01-01
Gulf War,Bahrain,1991-01-01,True,Saudi Arabia,United States of America,1990-01-01
Gulf War,Israel,1991-01-01,True,Saudi Arabia,United States of America,1990-01-01
Gulf War,Jordan,1991-01-01,True,Kuwait,United States of America,1990-01-01
Gulf War,Bahrain,1991-01-01,True,Iraq,United States of America,1990-01-01
Gulf War,Israel,1991-01-01,True,Iraq,United States of America,1990-01-01
Gulf War,United Arab Emirates,1991-01-01,True,Iraq,United States of America,1990-01-01
Gulf War,Saudi Arabia,1991-01-01,True,Israel,United Kingdom,1990-01-01
Gulf War,Jordan,1991-01-01,True,Saudi Arabia,United States of America,1990-01-01
Gulf War,Jordan,1991-01-01,True,Iraq,United States of America,1990-01-01
Gulf War,Saudi Arabia,1991-01-01,True,Kuwait,United Kingdom,1990-01-01
Gulf War,Kuwait,1991-01-01,True,Israel,United Kingdom,1990-01-01
Gulf War,Saudi Arabia,1991-01-01,True,Saudi Arabia,United Kingdom,1990-01-01
Gulf War,Saudi Arabia,1991-01-01,True,Iraq,United Kingdom,1990-01-01
Gulf War,Iraq,1991-01-01,True,Israel,United Kingdom,1990-01-01
First Chechen War,Russia,1996-01-01,True,Republic of Dagestan,Russia,1994-01-01
First Chechen War,Russia,1996-01-01,True,Republic of Dagestan,Chechen Republic of Ichkeria,1994-01-01
First Chechen War,Russia,1996-01-01,True,Chechen Republic,Chechen Republic of Ichkeria,1994-01-01
First Chechen War,Russia,1996-01-01,True,Chechen Republic,Russia,1994-01-01
First Chechen War,Russia,1996-01-01,True,Stavropol Krai,Chechen Republic of Ichkeria,1994-01-01
First Chechen War,Russia,1996-01-01,True,Stavropol Krai,Russia,1994-01-01
First Chechen War,Russia,1996-01-01,True,Republic of Ingushetia,Russia,1994-01-01
First Chechen War,Russia,1996-01-01,True,Republic of Ingushetia,Chechen Republic of Ichkeria,1994-01-01
Gulf War,Yemen,1991-01-01,True,Iraq,Saudi Arabia,1990-01-01
Gulf War,Saudi Arabia,1991-01-01,True,Iraq,France,1990-01-01
Gulf War,Oman,1991-01-01,True,Iraq,Saudi Arabia,1990-01-01
Gulf War,Bahrain,1991-01-01,True,Iraq,Kuwait,1990-01-01
Gulf War,Israel,1991-01-01,True,Iraq,Kuwait,1990-01-01
Gulf War,United Arab Emirates,1991-01-01,True,Iraq,Kuwait,1990-01-01
Gulf War,Jordan,1991-01-01,True,Iraq,Kuwait,1990-01-01
Gulf War,Kuwait,1991-01-01,True,Iraq,France,1990-01-01
Gulf War,Iraq,1991-01-01,True,Iraq,France,1990-01-01
Gulf War,Saudi Arabia,1991-01-01,True,Iraq,Saudi Arabia,1990-01-01
Gulf War,Qatar,1991-01-01,True,Iraq,France,1990-01-01
Gulf War,Kuwait,1991-01-01,True,Iraq,Saudi Arabia,1990-01-01
Gulf War,Iraq,1991-01-01,True,Iraq,Saudi Arabia,1990-01-01
Gulf War,Qatar,1991-01-01,True,Iraq,Saudi Arabia,1990-01-01
Gulf War,Bahrain,1991-01-01,True,Iraq,France,1990-01-01
Gulf War,Israel,1991-01-01,True,Iraq,France,1990-01-01
Gulf War,United Arab Emirates,1991-01-01,True,Iraq,France,1990-01-01
Gulf War,Yemen,1991-01-01,True,Iraq,Kuwait,1990-01-01
Gulf War,Oman,1991-01-01,True,Iraq,Kuwait,1990-01-01
Gulf War,Jordan,1991-01-01,True,Iraq,France,1990-01-01
Gulf War,Bahrain,1991-01-01,True,Iraq,Saudi Arabia,1990-01-01
Gulf War,Israel,1991-01-01,True,Iraq,Saudi Arabia,1990-01-01
Gulf War,United Arab Emirates,1991-01-01,True,Iraq,Saudi Arabia,1990-01-01
Gulf War,Saudi Arabia,1991-01-01,True,Iraq,Kuwait,1990-01-01
Gulf War,Jordan,1991-01-01,True,Iraq,Saudi Arabia,1990-01-01
Gulf War,Kuwait,1991-01-01,True,Iraq,Kuwait,1990-01-01
Gulf War,Iraq,1991-01-01,True,Iraq,Kuwait,1990-01-01
Gulf War,Yemen,1991-01-01,True,Iraq,France,1990-01-01
Gulf War,Oman,1991-01-01,True,Iraq,France,1990-01-01
Gulf War,Qatar,1991-01-01,True,Iraq,Kuwait,1990-01-01
Gulf War,Kuwait,1991-01-01,True,Israel,France,1990-01-01
Gulf War,Iraq,1991-01-01,True,Israel,France,1990-01-01
Gulf War,Saudi Arabia,1991-01-01,True,Israel,Saudi Arabia,1990-01-01
Gulf War,Qatar,1991-01-01,True,Israel,France,1990-01-01
Gulf War,Kuwait,1991-01-01,True,Israel,Saudi Arabia,1990-01-01
Gulf War,Iraq,1991-01-01,True,Israel,Saudi Arabia,1990-01-01
Gulf War,Qatar,1991-01-01,True,Israel,Saudi Arabia,1990-01-01
Gulf War,Bahrain,1991-01-01,True,Israel,France,1990-01-01
Gulf War,Israel,1991-01-01,True,Israel,France,1990-01-01
Gulf War,United Arab Emirates,1991-01-01,True,Israel,France,1990-01-01
Gulf War,Yemen,1991-01-01,True,Israel,Kuwait,1990-01-01
Gulf War,Oman,1991-01-01,True,Israel,Kuwait,1990-01-01
Gulf War,Jordan,1991-01-01,True,Israel,France,1990-01-01
Gulf War,Bahrain,1991-01-01,True,Israel,Saudi Arabia,1990-01-01
Gulf War,Israel,1991-01-01,True,Israel,Saudi Arabia,1990-01-01
Gulf War,United Arab Emirates,1991-01-01,True,Israel,Saudi Arabia,1990-01-01
Gulf War,Saudi Arabia,1991-01-01,True,Israel,Kuwait,1990-01-01
Gulf War,Jordan,1991-01-01,True,Israel,Saudi Arabia,1990-01-01
Gulf War,Kuwait,1991-01-01,True,Israel,Kuwait,1990-01-01
Gulf War,Iraq,1991-01-01,True,Israel,Kuwait,1990-01-01
Gulf War,Yemen,1991-01-01,True,Israel,France,1990-01-01
Gulf War,Oman,1991-01-01,True,Israel,France,1990-01-01
Gulf War,Qatar,1991-01-01,True,Israel,Kuwait,1990-01-01
Gulf War,Yemen,1991-01-01,True,Israel,Saudi Arabia,1990-01-01
Gulf War,Saudi Arabia,1991-01-01,True,Israel,France,1990-01-01
Gulf War,Oman,1991-01-01,True,Israel,Saudi Arabia,1990-01-01
Gulf War,Bahrain,1991-01-01,True,Israel,Kuwait,1990-01-01
Gulf War,Israel,1991-01-01,True,Israel,Kuwait,1990-01-01
Gulf War,United Arab Emirates,1991-01-01,True,Israel,Kuwait,1990-01-01
Gulf War,Jordan,1991-01-01,True,Israel,Kuwait,1990-01-01
Gulf War,Iraq,1991-01-01,True,Arabian Peninsula,United Kingdom,1990-01-01
Gulf War,Qatar,1991-01-01,True,Arabian Peninsula,United Kingdom,1990-01-01
Gulf War,Saudi Arabia,1991-01-01,True,Arabian Peninsula,Saudi Arabia,1990-01-01
Gulf War,Bahrain,1991-01-01,True,Arabian Peninsula,United Kingdom,1990-01-01
Gulf War,Israel,1991-01-01,True,Arabian Peninsula,United Kingdom,1990-01-01
Gulf War,United Arab Emirates,1991-01-01,True,Arabian Peninsula,United Kingdom,1990-01-01
Gulf War,Jordan,1991-01-01,True,Arabian Peninsula,United Kingdom,1990-01-01
Falklands War,United Kingdom,1982-01-01,True,Falkland Islands,Argentina,1982-01-01
Falklands War,United Kingdom,1982-01-01,True,South Georgia and the South Sandwich Islands,Argentina,1982-01-01
Gulf War,Qatar,1991-01-01,True,Arabian Peninsula,Saudi Arabia,1990-01-01
Gulf War,United Arab Emirates,1991-01-01,True,Arabian Peninsula,Saudi Arabia,1990-01-01
Gulf War,Yemen,1991-01-01,True,Arabian Peninsula,United Kingdom,1990-01-01
Gulf War,Oman,1991-01-01,True,Arabian Peninsula,United Kingdom,1990-01-01
Gulf War,Saudi Arabia,1991-01-01,True,Arabian Peninsula,United Kingdom,1990-01-01
Gulf War,Kuwait,1991-01-01,True,Arabian Peninsula,United Kingdom,1990-01-01
Falklands War,United Kingdom,1982-01-01,True,Falkland Islands,United Kingdom,1982-01-01
Falklands War,United Kingdom,1982-01-01,True,South Georgia and the South Sandwich Islands,United Kingdom,1982-01-01
Gulf War,Yemen,1991-01-01,True,Kuwait,Saudi Arabia,1990-01-01
Gulf War,Saudi Arabia,1991-01-01,True,Kuwait,France,1990-01-01
Gulf War,Oman,1991-01-01,True,Kuwait,Saudi Arabia,1990-01-01
Gulf War,Bahrain,1991-01-01,True,Kuwait,Kuwait,1990-01-01
Gulf War,Israel,1991-01-01,True,Kuwait,Kuwait,1990-01-01
Gulf War,United Arab Emirates,1991-01-01,True,Kuwait,Kuwait,1990-01-01
Gulf War,Jordan,1991-01-01,True,Kuwait,Kuwait,1990-01-01
Gulf War,Kuwait,1991-01-01,True,Kuwait,France,1990-01-01
Gulf War,Iraq,1991-01-01,True,Kuwait,France,1990-01-01
Gulf War,Saudi Arabia,1991-01-01,True,Kuwait,Saudi Arabia,1990-01-01
Gulf War,Qatar,1991-01-01,True,Kuwait,France,1990-01-01
Gulf War,Kuwait,1991-01-01,True,Kuwait,Saudi Arabia,1990-01-01
Gulf War,Iraq,1991-01-01,True,Kuwait,Saudi Arabia,1990-01-01
Gulf War,Bahrain,1991-01-01,True,Kuwait,France,1990-01-01
Gulf War,Israel,1991-01-01,True,Kuwait,France,1990-01-01
Gulf War,United Arab Emirates,1991-01-01,True,Kuwait,France,1990-01-01
Gulf War,Yemen,1991-01-01,True,Kuwait,Kuwait,1990-01-01
Gulf War,Oman,1991-01-01,True,Kuwait,Kuwait,1990-01-01
Gulf War,Jordan,1991-01-01,True,Kuwait,France,1990-01-01
Gulf War,Bahrain,1991-01-01,True,Kuwait,Saudi Arabia,1990-01-01
Gulf War,Israel,1991-01-01,True,Kuwait,Saudi Arabia,1990-01-01
Gulf War,Saudi Arabia,1991-01-01,True,Kuwait,Kuwait,1990-01-01
Gulf War,Jordan,1991-01-01,True,Kuwait,Saudi Arabia,1990-01-01
Gulf War,Kuwait,1991-01-01,True,Kuwait,Kuwait,1990-01-01
Gulf War,Iraq,1991-01-01,True,Kuwait,Kuwait,1990-01-01
Gulf War,Yemen,1991-01-01,True,Kuwait,France,1990-01-01
Gulf War,Oman,1991-01-01,True,Kuwait,France,1990-01-01
Gulf War,Qatar,1991-01-01,True,Kuwait,Kuwait,1990-01-01
Gulf War,Qatar,1991-01-01,True,Kuwait,Saudi Arabia,1990-01-01
Gulf War,United Arab Emirates,1991-01-01,True,Kuwait,Saudi Arabia,1990-01-01
Gulf War,Saudi Arabia,1991-01-01,True,Saudi Arabia,Saudi Arabia,1990-01-01
Gulf War,Qatar,1991-01-01,True,Saudi Arabia,Saudi Arabia,1990-01-01
Gulf War,United Arab Emirates,1991-01-01,True,Saudi Arabia,Saudi Arabia,1990-01-01
Gulf War,Yemen,1991-01-01,True,Saudi Arabia,Saudi Arabia,1990-01-01
Gulf War,Saudi Arabia,1991-01-01,True,Saudi Arabia,France,1990-01-01
Gulf War,Oman,1991-01-01,True,Saudi Arabia,Saudi Arabia,1990-01-01
Gulf War,Bahrain,1991-01-01,True,Saudi Arabia,Kuwait,1990-01-01
Gulf War,Israel,1991-01-01,True,Saudi Arabia,Kuwait,1990-01-01
Gulf War,United Arab Emirates,1991-01-01,True,Saudi Arabia,Kuwait,1990-01-01
Gulf War,Jordan,1991-01-01,True,Saudi Arabia,Kuwait,1990-01-01
Gulf War,Kuwait,1991-01-01,True,Saudi Arabia,France,1990-01-01
Gulf War,Iraq,1991-01-01,True,Saudi Arabia,France,1990-01-01
Gulf War,Oman,1991-01-01,True,Saudi Arabia,United States of America,1990-01-01
Gulf War,Qatar,1991-01-01,True,Saudi Arabia,France,1990-01-01
Gulf War,Kuwait,1991-01-01,True,Saudi Arabia,Saudi Arabia,1990-01-01
Gulf War,Iraq,1991-01-01,True,Saudi Arabia,Saudi Arabia,1990-01-01
Gulf War,Bahrain,1991-01-01,True,Saudi Arabia,France,1990-01-01
Gulf War,Israel,1991-01-01,True,Saudi Arabia,France,1990-01-01
Gulf War,United Arab Emirates,1991-01-01,True,Saudi Arabia,France,1990-01-01
Gulf War,Yemen,1991-01-01,True,Saudi Arabia,Kuwait,1990-01-01
Gulf War,Oman,1991-01-01,True,Saudi Arabia,Kuwait,1990-01-01
Gulf War,Jordan,1991-01-01,True,Saudi Arabia,France,1990-01-01
Gulf War,Qatar,1991-01-01,True,Saudi Arabia,United States of America,1990-01-01
Gulf War,Bahrain,1991-01-01,True,Saudi Arabia,Saudi Arabia,1990-01-01
Gulf War,Israel,1991-01-01,True,Saudi Arabia,Saudi Arabia,1990-01-01
Gulf War,Saudi Arabia,1991-01-01,True,Saudi Arabia,Kuwait,1990-01-01
Gulf War,Jordan,1991-01-01,True,Saudi Arabia,Saudi Arabia,1990-01-01
Gulf War,Kuwait,1991-01-01,True,Saudi Arabia,Kuwait,1990-01-01
Gulf War,Iraq,1991-01-01,True,Saudi Arabia,Kuwait,1990-01-01
Gulf War,United Arab Emirates,1991-01-01,True,Saudi Arabia,United States of America,1990-01-01
Gulf War,Yemen,1991-01-01,True,Saudi Arabia,France,1990-01-01
Gulf War,Oman,1991-01-01,True,Saudi Arabia,France,1990-01-01
Gulf War,Qatar,1991-01-01,True,Saudi Arabia,Kuwait,1990-01-01
Gulf War,Bahrain,1991-01-01,True,Arabian Peninsula,Kuwait,1990-01-01
Gulf War,Israel,1991-01-01,True,Arabian Peninsula,Kuwait,1990-01-01
Gulf War,United Arab Emirates,1991-01-01,True,Arabian Peninsula,Kuwait,1990-01-01
Gulf War,Jordan,1991-01-01,True,Arabian Peninsula,Kuwait,1990-01-01
Gulf War,Kuwait,1991-01-01,True,Arabian Peninsula,France,1990-01-01
Gulf War,Iraq,1991-01-01,True,Arabian Peninsula,France,1990-01-01
Gulf War,Yemen,1991-01-01,True,Arabian Peninsula,United States of America,1990-01-01
Gulf War,Oman,1991-01-01,True,Arabian Peninsula,United States of America,1990-01-01
Gulf War,Qatar,1991-01-01,True,Arabian Peninsula,France,1990-01-01
Gulf War,Kuwait,1991-01-01,True,Arabian Peninsula,Saudi Arabia,1990-01-01
Gulf War,Iraq,1991-01-01,True,Arabian Peninsula,Saudi Arabia,1990-01-01
Gulf War,Saudi Arabia,1991-01-01,True,Arabian Peninsula,United States of America,1990-01-01
Gulf War,Bahrain,1991-01-01,True,Arabian Peninsula,France,1990-01-01
Gulf War,Israel,1991-01-01,True,Arabian Peninsula,France,1990-01-01
Gulf War,United Arab Emirates,1991-01-01,True,Arabian Peninsula,France,1990-01-01
Gulf War,Yemen,1991-01-01,True,Arabian Peninsula,Kuwait,1990-01-01
Gulf War,Oman,1991-01-01,True,Arabian Peninsula,Kuwait,1990-01-01
Gulf War,Jordan,1991-01-01,True,Arabian Peninsula,France,1990-01-01
Gulf War,Kuwait,1991-01-01,True,Arabian Peninsula,United States of America,1990-01-01
Gulf War,Iraq,1991-01-01,True,Arabian Peninsula,United States of America,1990-01-01
Gulf War,Qatar,1991-01-01,True,Arabian Peninsula,United States of America,1990-01-01
Gulf War,Bahrain,1991-01-01,True,Arabian Peninsula,Saudi Arabia,1990-01-01
Gulf War,Israel,1991-01-01,True,Arabian Peninsula,Saudi Arabia,1990-01-01
Gulf War,Saudi Arabia,1991-01-01,True,Arabian Peninsula,Kuwait,1990-01-01
Gulf War,Jordan,1991-01-01,True,Arabian Peninsula,Saudi Arabia,1990-01-01
Gulf War,Kuwait,1991-01-01,True,Arabian Peninsula,Kuwait,1990-01-01
Gulf War,Iraq,1991-01-01,True,Arabian Peninsula,Kuwait,1990-01-01
Gulf War,Bahrain,1991-01-01,True,Arabian Peninsula,United States of America,1990-01-01
Gulf War,Israel,1991-01-01,True,Arabian Peninsula,United States of America,1990-01-01
Gulf War,United Arab Emirates,1991-01-01,True,Arabian Peninsula,United States of America,1990-01-01
Gulf War,Jordan,1991-01-01,True,Arabian Peninsula,United States of America,1990-01-01
Gulf War,Yemen,1991-01-01,True,Arabian Peninsula,France,1990-01-01
Gulf War,Oman,1991-01-01,True,Arabian Peninsula,France,1990-01-01
Gulf War,Qatar,1991-01-01,True,Arabian Peninsula,Kuwait,1990-01-01
Gulf War,Yemen,1991-01-01,True,Arabian Peninsula,Saudi Arabia,1990-01-01
Gulf War,Saudi Arabia,1991-01-01,True,Arabian Peninsula,France,1990-01-01
Gulf War,Oman,1991-01-01,True,Arabian Peninsula,Saudi Arabia,1990-01-01
Yom Kippur War,Israel,1973-01-01,True,Suez Canal,Israel,1973-01-01
Yom Kippur War,Israel,1973-01-01,True,Golan Heights,Israel,1973-01-01
Yom Kippur War,Israel,1973-01-01,True,Sinai Peninsula,Israel,1973-01-01
Yom Kippur War,Israel,1973-01-01,True,Suez Canal,Syria,1973-01-01
Yom Kippur War,Israel,1973-01-01,True,Middle East,Israel,1973-01-01
Yom Kippur War,Syria,1973-01-01,True,Suez Canal,United States of America,1973-01-01
Yom Kippur War,Syria,1973-01-01,True,Suez Canal,Egypt,1973-01-01
Yom Kippur War,Syria,1973-01-01,True,Golan Heights,Egypt,1973-01-01
Yom Kippur War,Israel,1973-01-01,True,Sinai Peninsula,Syria,1973-01-01
Yom Kippur War,Syria,1973-01-01,True,Sinai Peninsula,United States of America,1973-01-01
Yom Kippur War,Israel,1973-01-01,True,Middle East,Syria,1973-01-01
Yom Kippur War,Egypt,1973-01-01,True,Suez Canal,Israel,1973-01-01
Yom Kippur War,Egypt,1973-01-01,True,Golan Heights,Israel,1973-01-01
Yom Kippur War,Syria,1973-01-01,True,Sinai Peninsula,Egypt,1973-01-01
Yom Kippur War,Syria,1973-01-01,True,Middle East,United States of America,1973-01-01
Yom Kippur War,Syria,1973-01-01,True,Middle East,Egypt,1973-01-01
Yom Kippur War,Egypt,1973-01-01,True,Sinai Peninsula,Israel,1973-01-01
Yom Kippur War,Egypt,1973-01-01,True,Suez Canal,Syria,1973-01-01
Yom Kippur War,Egypt,1973-01-01,True,Middle East,Israel,1973-01-01
Yom Kippur War,Egypt,1973-01-01,True,Sinai Peninsula,Syria,1973-01-01
Yom Kippur War,Egypt,1973-01-01,True,Middle East,Syria,1973-01-01
Yom Kippur War,Syria,1973-01-01,True,Suez Canal,Israel,1973-01-01
Yom Kippur War,Syria,1973-01-01,True,Golan Heights,Israel,1973-01-01
Yom Kippur War,Syria,1973-01-01,True,Sinai Peninsula,Israel,1973-01-01
Yom Kippur War,Syria,1973-01-01,True,Suez Canal,Syria,1973-01-01
Yom Kippur War,Syria,1973-01-01,True,Middle East,Israel,1973-01-01
Yom Kippur War,Syria,1973-01-01,True,Sinai Peninsula,Syria,1973-01-01
Yom Kippur War,Syria,1973-01-01,True,Middle East,Syria,1973-01-01
Yom Kippur War,Israel,1973-01-01,True,Suez Canal,United States of America,1973-01-01
Yom Kippur War,Israel,1973-01-01,True,Suez Canal,Egypt,1973-01-01
Yom Kippur War,Israel,1973-01-01,True,Golan Heights,Egypt,1973-01-01
Yom Kippur War,Israel,1973-01-01,True,Sinai Peninsula,United States of America,1973-01-01
Yom Kippur War,Israel,1973-01-01,True,Sinai Peninsula,Egypt,1973-01-01
Yom Kippur War,Israel,1973-01-01,True,Middle East,United States of America,1973-01-01
Yom Kippur War,Israel,1973-01-01,True,Middle East,Egypt,1973-01-01
Yom Kippur War,Egypt,1973-01-01,True,Suez Canal,United States of America,1973-01-01
Yom Kippur War,Egypt,1973-01-01,True,Suez Canal,Egypt,1973-01-01
Yom Kippur War,Egypt,1973-01-01,True,Golan Heights,Egypt,1973-01-01
Yom Kippur War,Egypt,1973-01-01,True,Sinai Peninsula,United States of America,1973-01-01
Yom Kippur War,Egypt,1973-01-01,True,Sinai Peninsula,Egypt,1973-01-01
Yom Kippur War,Egypt,1973-01-01,True,Middle East,United States of America,1973-01-01
Yom Kippur War,Egypt,1973-01-01,True,Middle East,Egypt,1973-01-01
Yom Kippur War,Israel,1973-01-01,True,Golan Heights,Syria,1973-01-01
Yom Kippur War,Syria,1973-01-01,True,Golan Heights,United States of America,1973-01-01
Yom Kippur War,Egypt,1973-01-01,True,Golan Heights,Syria,1973-01-01
Yom Kippur War,Syria,1973-01-01,True,Golan Heights,Syria,1973-01-01
Yom Kippur War,Israel,1973-01-01,True,Golan Heights,United States of America,1973-01-01
Yom Kippur War,Egypt,1973-01-01,True,Golan Heights,United States of America,1973-01-01
Soviet–Afghan War,Afghanistan,1989-01-01,True,Democratic Republic of Afghanistan,Democratic Republic of Afghanistan,1979-01-01
Tet Offensive,Vietnam,1968-01-01,True,South Vietnam,North Vietnam,1968-01-01
Tet Offensive,Vietnam,1968-01-01,True,South Vietnam,South Korea,1968-01-01
Tet Offensive,Vietnam,1968-01-01,True,South Vietnam,Thailand,1968-01-01
Tet Offensive,Vietnam,1968-01-01,True,South Vietnam,Australia,1968-01-01
Tet Offensive,Vietnam,1968-01-01,True,South Vietnam,New Zealand,1968-01-01
Tet Offensive,Vietnam,1968-01-01,True,South Vietnam,United States of America,1968-01-01
Tet Offensive,Vietnam,1968-01-01,True,South Vietnam,South Vietnam,1968-01-01
Soviet–Afghan War,Afghanistan,1989-01-01,True,Democratic Republic of Afghanistan,Soviet Union,1979-01-01
Lebanon War,Lebanon,1985-01-01,True,Lebanon,Israel,1982-01-01
Lebanon War,Lebanon,1985-01-01,True,Lebanon,Syria,1982-01-01
Lord's Resistance Army insurgency,Uganda,2017-01-01,True,,Uganda,1987-01-01
Lord's Resistance Army insurgency,South Sudan,2017-01-01,True,,Uganda,1987-01-01
Lord's Resistance Army insurgency,Democratic Republic of the Congo,2017-01-01,True,,Uganda,1987-01-01
Lord's Resistance Army insurgency,Central African Republic,2017-01-01,True,,Uganda,1987-01-01
Lord's Resistance Army insurgency,Uganda,2017-01-01,True,,Central African Republic,1987-01-01
Lord's Resistance Army insurgency,South Sudan,2017-01-01,True,,Central African Republic,1987-01-01
Lord's Resistance Army insurgency,Democratic Republic of the Congo,2017-01-01,True,,Central African Republic,1987-01-01
Lord's Resistance Army insurgency,Central African Republic,2017-01-01,True,,Central African Republic,1987-01-01
Lord's Resistance Army insurgency,Uganda,2017-01-01,True,,Democratic Republic of the Congo,1987-01-01
Lord's Resistance Army insurgency,South Sudan,2017-01-01,True,,Democratic Republic of the Congo,1987-01-01
Lord's Resistance Army insurgency,Democratic Republic of the Congo,2017-01-01,True,,Democratic Republic of the Congo,1987-01-01
Lord's Resistance Army insurgency,Central African Republic,2017-01-01,True,,Democratic Republic of the Congo,1987-01-01
Lord's Resistance Army insurgency,Uganda,2017-01-01,True,,South Sudan,1987-01-01
Lord's Resistance Army insurgency,South Sudan,2017-01-01,True,,South Sudan,1987-01-01
Lord's Resistance Army insurgency,Democratic Republic of the Congo,2017-01-01,True,,South Sudan,1987-01-01
Lord's Resistance Army insurgency,Central African Republic,2017-01-01,True,,South Sudan,1987-01-01
Insurgency in the Maghreb (2002–),Algeria,2017-01-01,True,Maghreb,Islamic State of Iraq and the Levant,2002-01-01
Insurgency in the Maghreb (2002–),Libya,2017-01-01,True,Maghreb,Islamic State of Iraq and the Levant,2002-01-01
Insurgency in the Maghreb (2002–),Mauritania,2017-01-01,True,Maghreb,Islamic State of Iraq and the Levant,2002-01-01
Insurgency in the Maghreb (2002–),Morocco,2017-01-01,True,Maghreb,Islamic State of Iraq and the Levant,2002-01-01
Insurgency in the Maghreb (2002–),Tunisia,2017-01-01,True,Maghreb,Islamic State of Iraq and the Levant,2002-01-01
Insurgency in the Maghreb (2002–),Western Sahara,2017-01-01,True,Maghreb,Islamic State of Iraq and the Levant,2002-01-01
Insurgency in the Maghreb (2002–),Algeria,2017-01-01,True,Maghreb,Chad,2002-01-01
Insurgency in the Maghreb (2002–),Libya,2017-01-01,True,Maghreb,Chad,2002-01-01
Insurgency in the Maghreb (2002–),Mauritania,2017-01-01,True,Maghreb,Chad,2002-01-01
Insurgency in the Maghreb (2002–),Morocco,2017-01-01,True,Maghreb,Chad,2002-01-01
Insurgency in the Maghreb (2002–),Tunisia,2017-01-01,True,Maghreb,Chad,2002-01-01
Insurgency in the Maghreb (2002–),Western Sahara,2017-01-01,True,Maghreb,Chad,2002-01-01
Sino-Vietnamese War,Vietnam,1979-01-01,True,North Vietnam,Vietnam,1979-01-01
Sino-Vietnamese War,Vietnam,1979-01-01,True,North Vietnam,People's Republic of China,1979-01-01
Insurgency in the Maghreb (2002–),Algeria,2017-01-01,True,Maghreb,Algeria,2002-01-01
Insurgency in the Maghreb (2002–),Libya,2017-01-01,True,Maghreb,Algeria,2002-01-01
Insurgency in the Maghreb (2002–),Mauritania,2017-01-01,True,Maghreb,Algeria,2002-01-01
Insurgency in the Maghreb (2002–),Morocco,2017-01-01,True,Maghreb,Algeria,2002-01-01
Insurgency in the Maghreb (2002–),Tunisia,2017-01-01,True,Maghreb,Algeria,2002-01-01
Insurgency in the Maghreb (2002–),Western Sahara,2017-01-01,True,Maghreb,Algeria,2002-01-01
Insurgency in the Maghreb (2002–),Algeria,2017-01-01,True,Maghreb,Tunisia,2002-01-01
Insurgency in the Maghreb (2002–),Libya,2017-01-01,True,Maghreb,Tunisia,2002-01-01
Insurgency in the Maghreb (2002–),Mauritania,2017-01-01,True,Maghreb,Tunisia,2002-01-01
Insurgency in the Maghreb (2002–),Morocco,2017-01-01,True,Maghreb,Tunisia,2002-01-01
Insurgency in the Maghreb (2002–),Tunisia,2017-01-01,True,Maghreb,Tunisia,2002-01-01
Insurgency in the Maghreb (2002–),Western Sahara,2017-01-01,True,Maghreb,Tunisia,2002-01-01
Insurgency in the Maghreb (2002–),Algeria,2017-01-01,True,Maghreb,Niger,2002-01-01
Insurgency in the Maghreb (2002–),Libya,2017-01-01,True,Maghreb,Niger,2002-01-01
Insurgency in the Maghreb (2002–),Mauritania,2017-01-01,True,Maghreb,Niger,2002-01-01
Insurgency in the Maghreb (2002–),Morocco,2017-01-01,True,Maghreb,Niger,2002-01-01
Insurgency in the Maghreb (2002–),Tunisia,2017-01-01,True,Maghreb,Niger,2002-01-01
Insurgency in the Maghreb (2002–),Western Sahara,2017-01-01,True,Maghreb,Niger,2002-01-01
Insurgency in the Maghreb (2002–),Algeria,2017-01-01,True,Maghreb,Libya,2002-01-01
Insurgency in the Maghreb (2002–),Libya,2017-01-01,True,Maghreb,Libya,2002-01-01
Insurgency in the Maghreb (2002–),Mauritania,2017-01-01,True,Maghreb,Libya,2002-01-01
Insurgency in the Maghreb (2002–),Morocco,2017-01-01,True,Maghreb,Libya,2002-01-01
Insurgency in the Maghreb (2002–),Tunisia,2017-01-01,True,Maghreb,Libya,2002-01-01
Insurgency in the Maghreb (2002–),Western Sahara,2017-01-01,True,Maghreb,Libya,2002-01-01
Insurgency in the Maghreb (2002–),Algeria,2017-01-01,True,Maghreb,Mauritania,2002-01-01
Insurgency in the Maghreb (2002–),Libya,2017-01-01,True,Maghreb,Mauritania,2002-01-01
Insurgency in the Maghreb (2002–),Mauritania,2017-01-01,True,Maghreb,Mauritania,2002-01-01
Insurgency in the Maghreb (2002–),Morocco,2017-01-01,True,Maghreb,Mauritania,2002-01-01
Insurgency in the Maghreb (2002–),Tunisia,2017-01-01,True,Maghreb,Mauritania,2002-01-01
Insurgency in the Maghreb (2002–),Western Sahara,2017-01-01,True,Maghreb,Mauritania,2002-01-01
Insurgency in the Maghreb (2002–),Algeria,2017-01-01,True,Maghreb,Mali,2002-01-01
Insurgency in the Maghreb (2002–),Libya,2017-01-01,True,Maghreb,Mali,2002-01-01
Insurgency in the Maghreb (2002–),Mauritania,2017-01-01,True,Maghreb,Mali,2002-01-01
Insurgency in the Maghreb (2002–),Morocco,2017-01-01,True,Maghreb,Mali,2002-01-01
Insurgency in the Maghreb (2002–),Tunisia,2017-01-01,True,Maghreb,Mali,2002-01-01
Insurgency in the Maghreb (2002–),Western Sahara,2017-01-01,True,Maghreb,Mali,2002-01-01
Insurgency in the Maghreb (2002–),Algeria,2017-01-01,True,Maghreb,France,2002-01-01
Insurgency in the Maghreb (2002–),Libya,2017-01-01,True,Maghreb,France,2002-01-01
Insurgency in the Maghreb (2002–),Mauritania,2017-01-01,True,Maghreb,France,2002-01-01
Insurgency in the Maghreb (2002–),Morocco,2017-01-01,True,Maghreb,France,2002-01-01
Insurgency in the Maghreb (2002–),Tunisia,2017-01-01,True,Maghreb,France,2002-01-01
Insurgency in the Maghreb (2002–),Western Sahara,2017-01-01,True,Maghreb,France,2002-01-01
Cambodian Civil War,Cambodia,1975-01-01,True,Khmer Republic,United States of America,1967-01-01
Cambodian Civil War,Cambodia,1975-01-01,True,Khmer Republic,South Vietnam,1967-01-01
Cambodian Civil War,Cambodia,1975-01-01,True,Khmer Republic,North Vietnam,1967-01-01
Cambodian Civil War,Cambodia,1975-01-01,True,Kingdom of Cambodia,United States of America,1967-01-01
Cambodian Civil War,Cambodia,1975-01-01,True,Kingdom of Cambodia,South Vietnam,1967-01-01
Cambodian Civil War,Cambodia,1975-01-01,True,Kingdom of Cambodia,North Vietnam,1967-01-01
Cambodian Civil War,Cambodia,1975-01-01,True,Khmer Republic,Khmer Republic,1967-01-01
Cambodian Civil War,Cambodia,1975-01-01,True,Kingdom of Cambodia,Khmer Republic,1967-01-01
First Congo War,Democratic Republic of the Congo,1997-01-01,True,Zaire,Angola,1996-01-01
First Congo War,Democratic Republic of the Congo,1997-01-01,True,Zaire,Rwanda,1996-01-01
First Congo War,Democratic Republic of the Congo,1997-01-01,True,Zaire,Uganda,1996-01-01
First Congo War,Democratic Republic of the Congo,1997-01-01,True,Zaire,Burundi,1996-01-01
First Congo War,Democratic Republic of the Congo,1997-01-01,True,Zaire,Zaire,1996-01-01
Libyan–Egyptian War,Libya,1977-01-01,True,,Egypt,1977-01-01
Libyan–Egyptian War,Egypt,1977-01-01,True,,Egypt,1977-01-01
Libyan–Egyptian War,Libya,1977-01-01,True,,Libya,1977-01-01
Libyan–Egyptian War,Egypt,1977-01-01,True,,Libya,1977-01-01
Paquisha War,Ecuador,1981-01-01,True,,Peru,1981-01-01
Paquisha War,Peru,1981-01-01,True,,Peru,1981-01-01
Paquisha War,Ecuador,1981-01-01,True,,Ecuador,1981-01-01
Paquisha War,Peru,1981-01-01,True,,Ecuador,1981-01-01
1982 Ethiopian–Somali Border War,Somalia,1982-01-01,True,,Somali Democratic Republic,1982-01-01
Djiboutian Civil War,Djibouti,1994-01-01,True,,Djibouti,1991-01-01
Gaza–Israel conflict,Palestine,2017-01-01,True,,Israel,2006-01-01
Gaza–Israel conflict,Israel,2017-01-01,True,,Israel,2006-01-01
Gaza–Israel conflict,Palestine,2017-01-01,True,,Islamic State of Iraq and the Levant,2006-01-01
Gaza–Israel conflict,Israel,2017-01-01,True,,Islamic State of Iraq and the Levant,2006-01-01
Tell Abyad offensive,Syria,2015-01-01,True,,Islamic State of Iraq and the Levant,2015-01-01
Vietnam War,Vietnam,1975-01-01,True,South Vietnam,People's Republic of China,1965-01-01
Vietnam War,Vietnam,1975-01-01,True,South Vietnam,Thailand,1965-01-01
Vietnam War,Vietnam,1975-01-01,True,South Vietnam,Australia,1965-01-01
Vietnam War,Vietnam,1975-01-01,True,South Vietnam,New Zealand,1965-01-01
Vietnam War,Vietnam,1975-01-01,True,South Vietnam,United States of America,1965-01-01
Vietnam War,Vietnam,1975-01-01,True,South Vietnam,South Vietnam,1965-01-01
Vietnam War,Vietnam,1975-01-01,True,South Vietnam,North Vietnam,1965-01-01
Vietnam War,Vietnam,1975-01-01,True,South Vietnam,Kingdom of Laos,1965-01-01
Vietnam War,Vietnam,1975-01-01,True,South Vietnam,Colombia,1965-01-01
Vietnam War,Vietnam,1975-01-01,True,South Vietnam,South Korea,1965-01-01
Vietnam War,Vietnam,1975-01-01,True,South Vietnam,Philippines,1965-01-01
Vietnam War,Vietnam,1975-01-01,True,South Vietnam,North Korea,1965-01-01
Vietnam War,Vietnam,1975-01-01,True,South Vietnam,Khmer Republic,1965-01-01
Six-Day War,Israel,1967-01-01,True,Middle East,Syria,1967-01-01
Six-Day War,Egypt,1967-01-01,True,Middle East,Syria,1967-01-01
Six-Day War,Palestine,1967-01-01,True,Middle East,Syria,1967-01-01
Six-Day War,Syria,1967-01-01,True,Middle East,Syria,1967-01-01
Six-Day War,Israel,1967-01-01,True,Middle East,Iraq,1967-01-01
Six-Day War,Egypt,1967-01-01,True,Middle East,Iraq,1967-01-01
Six-Day War,Palestine,1967-01-01,True,Middle East,Iraq,1967-01-01
Six-Day War,Syria,1967-01-01,True,Middle East,Iraq,1967-01-01
Six-Day War,Israel,1967-01-01,True,Middle East,Israel,1967-01-01
Six-Day War,Egypt,1967-01-01,True,Middle East,Israel,1967-01-01
Six-Day War,Palestine,1967-01-01,True,Middle East,Israel,1967-01-01
Six-Day War,Syria,1967-01-01,True,Middle East,Israel,1967-01-01
Six-Day War,Israel,1967-01-01,True,Middle East,Jordan,1967-01-01
Six-Day War,Egypt,1967-01-01,True,Middle East,Jordan,1967-01-01
Six-Day War,Palestine,1967-01-01,True,Middle East,Jordan,1967-01-01
Six-Day War,Syria,1967-01-01,True,Middle East,Jordan,1967-01-01
Six-Day War,Israel,1967-01-01,True,Middle East,Lebanon,1967-01-01
Six-Day War,Egypt,1967-01-01,True,Middle East,Lebanon,1967-01-01
Six-Day War,Palestine,1967-01-01,True,Middle East,Lebanon,1967-01-01
Six-Day War,Syria,1967-01-01,True,Middle East,Lebanon,1967-01-01
Six-Day War,Israel,1967-01-01,True,Middle East,Egypt,1967-01-01
Six-Day War,Egypt,1967-01-01,True,Middle East,Egypt,1967-01-01
Six-Day War,Palestine,1967-01-01,True,Middle East,Egypt,1967-01-01
Six-Day War,Syria,1967-01-01,True,Middle East,Egypt,1967-01-01
Ceneps Guar,Ecuador,1995-01-01,True,,Peru,1995-01-01
Ceneps Guar,Peru,1995-01-01,True,,Peru,1995-01-01
Second Kurdish–Iraqi War,Iraq,1975-01-01,True,,Imperial State of Iran,1974-01-01
Ceneps Guar,Ecuador,1995-01-01,True,,Ecuador,1995-01-01
Ceneps Guar,Peru,1995-01-01,True,,Ecuador,1995-01-01
Insurgency in the Maghreb (2002–),Algeria,2017-01-01,False,Maghreb,Boko Haram,2002-01-01
Insurgency in the Maghreb (2002–),Libya,2017-01-01,False,Maghreb,Boko Haram,2002-01-01
Insurgency in the Maghreb (2002–),Mauritania,2017-01-01,False,Maghreb,Boko Haram,2002-01-01
Insurgency in the Maghreb (2002–),Morocco,2017-01-01,False,Maghreb,Boko Haram,2002-01-01
Insurgency in the Maghreb (2002–),Tunisia,2017-01-01,False,Maghreb,Boko Haram,2002-01-01
Insurgency in the Maghreb (2002–),Western Sahara,2017-01-01,False,Maghreb,Boko Haram,2002-01-01
Gaza–Israel conflict,Palestine,2017-01-01,False,,Islamic State of Iraq and the Levant,2006-01-01
Gaza–Israel conflict,Israel,2017-01-01,False,,Islamic State of Iraq and the Levant,2006-01-01
Insurgency in the Maghreb (2002–),Algeria,2017-01-01,False,Maghreb,Al-Mourabitoun,2002-01-01
Insurgency in the Maghreb (2002–),Libya,2017-01-01,False,Maghreb,Al-Mourabitoun,2002-01-01
Insurgency in the Maghreb (2002–),Mauritania,2017-01-01,False,Maghreb,Al-Mourabitoun,2002-01-01
Insurgency in the Maghreb (2002–),Morocco,2017-01-01,False,Maghreb,Al-Mourabitoun,2002-01-01
Insurgency in the Maghreb (2002–),Tunisia,2017-01-01,False,Maghreb,Al-Mourabitoun,2002-01-01
Insurgency in the Maghreb (2002–),Western Sahara,2017-01-01,False,Maghreb,Al-Mourabitoun,2002-01-01
Insurgency in the Maghreb (2002–),Algeria,2017-01-01,False,Maghreb,Islamic State of Iraq and the Levant,2002-01-01
Insurgency in the Maghreb (2002–),Libya,2017-01-01,False,Maghreb,Islamic State of Iraq and the Levant,2002-01-01
Insurgency in the Maghreb (2002–),Mauritania,2017-01-01,False,Maghreb,Islamic State of Iraq and the Levant,2002-01-01
Insurgency in the Maghreb (2002–),Morocco,2017-01-01,False,Maghreb,Islamic State of Iraq and the Levant,2002-01-01
Insurgency in the Maghreb (2002–),Tunisia,2017-01-01,False,Maghreb,Islamic State of Iraq and the Levant,2002-01-01
Insurgency in the Maghreb (2002–),Western Sahara,2017-01-01,False,Maghreb,Islamic State of Iraq and the Levant,2002-01-01
Kurdish–Turkish conflict,Syria,2017-01-01,False,Kurdistan Region,Koma Civakên Kurdistan,2015-01-01
Kurdish–Turkish conflict,Iraq,2017-01-01,False,Kurdistan Region,Kurdistan Freedom Falcons,2015-01-01
Kurdish–Turkish conflict,Turkey,2017-01-01,False,Kurdistan Region,Koma Civakên Kurdistan,2015-01-01
Kurdish–Turkish conflict,Iraq,2017-01-01,False,Kurdistan Region,Koma Civakên Kurdistan,2015-01-01
Kurdish–Turkish conflict,Iraq,2017-01-01,False,Southeastern Anatolia Region,Koma Civakên Kurdistan,2015-01-01
Kurdish–Turkish conflict,Turkey,2017-01-01,False,Southeastern Anatolia Region,Kurdistan Freedom Falcons,2015-01-01
Kurdish–Turkish conflict,Syria,2017-01-01,False,Southeastern Anatolia Region,Koma Civakên Kurdistan,2015-01-01
Kurdish–Turkish conflict,Iraq,2017-01-01,False,Southeastern Anatolia Region,Kurdistan Freedom Falcons,2015-01-01
Kurdish–Turkish conflict,Syria,2017-01-01,False,Southeastern Anatolia Region,Kurdistan Freedom Falcons,2015-01-01
Kurdish–Turkish conflict,Turkey,2017-01-01,False,Southeastern Anatolia Region,Koma Civakên Kurdistan,2015-01-01
Kurdish–Turkish conflict,Iraq,2017-01-01,False,Syria–Turkey border,Koma Civakên Kurdistan,2015-01-01
Kurdish–Turkish conflict,Turkey,2017-01-01,False,Syria–Turkey border,Kurdistan Freedom Falcons,2015-01-01
Kurdish–Turkish conflict,Syria,2017-01-01,False,Syria–Turkey border,Koma Civakên Kurdistan,2015-01-01
Kurdish–Turkish conflict,Iraq,2017-01-01,False,Syria–Turkey border,Kurdistan Freedom Falcons,2015-01-01
Kurdish–Turkish conflict,Syria,2017-01-01,False,Kurdistan Region,Kurdistan Freedom Falcons,2015-01-01
Kurdish–Turkish conflict,Syria,2017-01-01,False,Syria–Turkey border,Kurdistan Freedom Falcons,2015-01-01
Kurdish–Turkish conflict,Turkey,2017-01-01,False,Syria–Turkey border,Koma Civakên Kurdistan,2015-01-01
Kurdish–Turkish conflict,Turkey,2017-01-01,False,Kurdistan Region,Kurdistan Freedom Falcons,2015-01-01
Kurdish–Turkish conflict,Iraq,2017-01-01,False,Eastern Anatolia Region,Koma Civakên Kurdistan,2015-01-01
Kurdish–Turkish conflict,Turkey,2017-01-01,False,Eastern Anatolia Region,Kurdistan Freedom Falcons,2015-01-01
Kurdish–Turkish conflict,Syria,2017-01-01,False,Eastern Anatolia Region,Koma Civakên Kurdistan,2015-01-01
Kurdish–Turkish conflict,Iraq,2017-01-01,False,Eastern Anatolia Region,Kurdistan Freedom Falcons,2015-01-01
Kurdish–Turkish conflict,Syria,2017-01-01,False,Eastern Anatolia Region,Kurdistan Freedom Falcons,2015-01-01
Kurdish–Turkish conflict,Turkey,2017-01-01,False,Eastern Anatolia Region,Koma Civakên Kurdistan,2015-01-01
Kivu conflict,Democratic Republic of the Congo,2017-01-01,False,Kivu,National Forces of Liberation,2004-01-01
Kivu conflict,Democratic Republic of the Congo,2017-01-01,False,Kivu,Democratic Forces for the Liberation of Rwanda,2004-01-01
War in North-West Pakistan,Pakistan,2017-01-01,False,Federally Administered Tribal Areas,Lashkar-e-Jhangvi,2004-01-01
War in North-West Pakistan,Pakistan,2017-01-01,False,Federally Administered Tribal Areas,Islamic State of Iraq and the Levant,2004-01-01
War in North-West Pakistan,Pakistan,2017-01-01,False,Federally Administered Tribal Areas,Turkistan Islamic Party,2004-01-01
War in North-West Pakistan,Pakistan,2017-01-01,False,Federally Administered Tribal Areas,Islamic State of Iraq and the Levant – Khorasan Province,2004-01-01
Libyan civil war (2014–),Libya,2017-01-01,False,Libya,Islamic State of Iraq and the Levant,2014-01-01
Libyan civil war (2014–),Libya,2017-01-01,False,Libya,Government of National Accord,2014-01-01
War in Afghanistan (2015–),Afghanistan,2017-01-01,False,Afghanistan,Taliban,2015-01-01
Iraqi Civil War (2014–present),Iraq,2017-01-01,False,Iraq,Islamic State of Iraq and the Levant,2014-01-01
Aleppo offensive,Syria,2017-01-01,False,Aleppo Governorate,Hezbollah,2016-01-01
Manbij offensive,Syria,2017-01-01,False,Manbij,Islamic State of Iraq and the Levant,2016-01-01
Aleppo offensive,Syria,2017-01-01,False,Aleppo Governorate,Al-Nusra Front,2016-01-01
Iraqi Civil War (2014–present),Iraq,2017-01-01,False,Iraq,Iraqi Turkmen Front,2014-01-01
Iraqi Civil War (2014–present),Iraq,2017-01-01,False,Iraq,federal government of Iraq,2014-01-01
War in Afghanistan (2015–),Afghanistan,2017-01-01,False,Afghanistan,Islamic State of Iraq and the Levant – Khorasan Province,2015-01-01
Oromo conflict,Ethiopia,2018-01-01,False,Oromia Region,Government of Ethiopia,1973-01-01
Oromo conflict,Ethiopia,2018-01-01,False,Oromia Region,Oromo Liberation Front,1973-01-01
Tell Abyad offensive,Syria,2015-01-01,False,,Islamic State of Iraq and the Levant,2015-01-01
2014 Israel–Gaza conflict,Palestine,2014-01-01,False,Gaza Strip,Popular Front for the Liberation of Palestine,2014-01-01
2014 Israel–Gaza conflict,Israel,2014-01-01,False,Gaza Strip,Popular Front for the Liberation of Palestine,2014-01-01
2014 Israel–Gaza conflict,Palestine,2014-01-01,False,Gaza Strip,Hamas,2014-01-01
2014 Israel–Gaza conflict,Israel,2014-01-01,False,Gaza Strip,Hamas,2014-01-01
2014 Israel–Gaza conflict,Palestine,2014-01-01,False,Gaza Strip,Abdullah Azzam Shaheed Brigade,2014-01-01
2014 Israel–Gaza conflict,Israel,2014-01-01,False,Gaza Strip,Abdullah Azzam Shaheed Brigade,2014-01-01
2014 Israel–Gaza conflict,Palestine,2014-01-01,False,Gaza Strip,Hamas,2014-01-01
2014 Israel–Gaza conflict,Israel,2014-01-01,False,Gaza Strip,Hamas,2014-01-01
2014 Israel–Gaza conflict,Palestine,2014-01-01,False,Gaza Strip,Democratic Front for the Liberation of Palestine,2014-01-01
2014 Israel–Gaza conflict,Israel,2014-01-01,False,Gaza Strip,Democratic Front for the Liberation of Palestine,2014-01-01
2014 Israel–Gaza conflict,Palestine,2014-01-01,False,Gaza Strip,Abdullah Azzam Shaheed Brigade,2014-01-01
2014 Israel–Gaza conflict,Israel,2014-01-01,False,Gaza Strip,Abdullah Azzam Shaheed Brigade,2014-01-01
2014 Israel–Gaza conflict,Palestine,2014-01-01,False,Gaza Strip,Islamic Jihad Movement in Palestine,2014-01-01
2014 Israel–Gaza conflict,Israel,2014-01-01,False,Gaza Strip,Islamic Jihad Movement in Palestine,2014-01-01
2014 Israel–Gaza conflict,Palestine,2014-01-01,False,Gaza Strip,Popular Front for the Liberation of Palestine,2014-01-01
2014 Israel–Gaza conflict,Israel,2014-01-01,False,Gaza Strip,Popular Front for the Liberation of Palestine,2014-01-01
2014 Israel–Gaza conflict,Palestine,2014-01-01,False,Gaza Strip,Democratic Front for the Liberation of Palestine,2014-01-01
2014 Israel–Gaza conflict,Israel,2014-01-01,False,Gaza Strip,Democratic Front for the Liberation of Palestine,2014-01-01
2014 Israel–Gaza conflict,Palestine,2014-01-01,False,Gaza Strip,Islamic Jihad Movement in Palestine,2014-01-01
2014 Israel–Gaza conflict,Israel,2014-01-01,False,Gaza Strip,Islamic Jihad Movement in Palestine,2014-01-01
2014 Israel–Gaza conflict,Palestine,2014-01-01,False,Israel,Hamas,2014-01-01
2014 Israel–Gaza conflict,Israel,2014-01-01,False,Israel,Hamas,2014-01-01
2014 Israel–Gaza conflict,Palestine,2014-01-01,False,Israel,Popular Front for the Liberation of Palestine,2014-01-01
2014 Israel–Gaza conflict,Israel,2014-01-01,False,Israel,Popular Front for the Liberation of Palestine,2014-01-01
2014 Israel–Gaza conflict,Palestine,2014-01-01,False,Israel,Hamas,2014-01-01
2014 Israel–Gaza conflict,Israel,2014-01-01,False,Israel,Hamas,2014-01-01
2014 Israel–Gaza conflict,Palestine,2014-01-01,False,Israel,Abdullah Azzam Shaheed Brigade,2014-01-01
2014 Israel–Gaza conflict,Israel,2014-01-01,False,Israel,Abdullah Azzam Shaheed Brigade,2014-01-01
2014 Israel–Gaza conflict,Palestine,2014-01-01,False,Israel,Democratic Front for the Liberation of Palestine,2014-01-01
2014 Israel–Gaza conflict,Israel,2014-01-01,False,Israel,Democratic Front for the Liberation of Palestine,2014-01-01
2014 Israel–Gaza conflict,Palestine,2014-01-01,False,Israel,Abdullah Azzam Shaheed Brigade,2014-01-01
2014 Israel–Gaza conflict,Israel,2014-01-01,False,Israel,Abdullah Azzam Shaheed Brigade,2014-01-01
2014 Israel–Gaza conflict,Palestine,2014-01-01,False,Israel,Islamic Jihad Movement in Palestine,2014-01-01
2014 Israel–Gaza conflict,Israel,2014-01-01,False,Israel,Islamic Jihad Movement in Palestine,2014-01-01
2014 Israel–Gaza conflict,Palestine,2014-01-01,False,Israel,Popular Front for the Liberation of Palestine,2014-01-01
2014 Israel–Gaza conflict,Israel,2014-01-01,False,Israel,Popular Front for the Liberation of Palestine,2014-01-01
2014 Israel–Gaza conflict,Palestine,2014-01-01,False,Israel,Democratic Front for the Liberation of Palestine,2014-01-01
2014 Israel–Gaza conflict,Israel,2014-01-01,False,Israel,Democratic Front for the Liberation of Palestine,2014-01-01
2014 Israel–Gaza conflict,Palestine,2014-01-01,False,Israel,Islamic Jihad Movement in Palestine,2014-01-01
2014 Israel–Gaza conflict,Israel,2014-01-01,False,Israel,Islamic Jihad Movement in Palestine,2014-01-01
War in Afghanistan,Afghanistan,2014-01-01,False,Afghanistan,Turkistan Islamic Party,2001-01-01
Casamance conflict,Senegal,2014-01-01,False,Senegal,Movement of Democratic Forces of Casamance,1982-01-01
Aleppo offensive,Syria,2013-01-01,False,Aleppo Governorate,Al-Nusra Front,2013-01-01
Aleppo offensive,Syria,2013-01-01,False,Aleppo Governorate,Islamic State of Iraq and the Levant,2013-01-01
Aleppo offensive,Syria,2013-01-01,False,Aleppo Governorate,Hezbollah,2013-01-01
Second Chechen War,Russia,2009-01-01,False,Chechen Republic,Caucasus Emirate,1999-01-01
Gaza War,Palestine,2009-01-01,False,Gaza Strip,Islamic Jihad Movement in Palestine,2008-01-01
Gaza War,Palestine,2009-01-01,False,Gaza Strip,Fatah,2008-01-01
Gaza War,Palestine,2009-01-01,False,Gaza Strip,Popular Front for the Liberation of Palestine,2008-01-01
Gaza War,Israel,2009-01-01,False,Gaza Strip,Islamic Jihad Movement in Palestine,2008-01-01
Gaza War,Israel,2009-01-01,False,Gaza Strip,Fatah,2008-01-01
Gaza War,Israel,2009-01-01,False,Gaza Strip,Popular Front for the Liberation of Palestine,2008-01-01
Gaza War,Palestine,2009-01-01,False,Gaza Strip,Hamas,2008-01-01
Gaza War,Israel,2009-01-01,False,Gaza Strip,Hamas,2008-01-01
Gaza War,Palestine,2009-01-01,False,Southern District,Islamic Jihad Movement in Palestine,2008-01-01
Gaza War,Israel,2009-01-01,False,Southern District,Islamic Jihad Movement in Palestine,2008-01-01
Gaza War,Palestine,2009-01-01,False,Southern District,Hamas,2008-01-01
Gaza War,Israel,2009-01-01,False,Southern District,Hamas,2008-01-01
Gaza War,Palestine,2009-01-01,False,Southern District,Fatah,2008-01-01
Gaza War,Palestine,2009-01-01,False,Southern District,Popular Front for the Liberation of Palestine,2008-01-01
Gaza War,Israel,2009-01-01,False,Southern District,Fatah,2008-01-01
Gaza War,Israel,2009-01-01,False,Southern District,Popular Front for the Liberation of Palestine,2008-01-01
War in Somalia (2006-2009),Somalia,2009-01-01,False,Somalia,Alliance for the Re-liberation of Somalia,2006-01-01
War in Somalia (2006-2009),Somalia,2009-01-01,False,Somalia,Transitional Federal Government,2006-01-01
War in Somalia (2006-2009),Somalia,2009-01-01,False,Somalia,Oromo Liberation Front,2006-01-01
Sri Lankan Civil War,Sri Lanka,2009-01-01,False,Sri Lanka,Liberation Tigers of Tamil Eelam,1983-01-01
Eastern Theater of Eelam War IV,Sri Lanka,2007-01-01,False,Sri Lanka,Liberation Tigers of Tamil Eelam,2006-01-01
2006 Lebanon War,Lebanon,2006-01-01,False,Levant,Amal Movement,2006-01-01
2006 Lebanon War,Israel,2006-01-01,False,Levant,Amal Movement,2006-01-01
2006 Lebanon War,Lebanon,2006-01-01,False,Levant,Lebanese Communist Party,2006-01-01
2006 Lebanon War,Israel,2006-01-01,False,Levant,Lebanese Communist Party,2006-01-01
2006 Lebanon War,Lebanon,2006-01-01,False,Levant,Popular Front for the Liberation of Palestine – General Command,2006-01-01
2006 Lebanon War,Israel,2006-01-01,False,Levant,Popular Front for the Liberation of Palestine – General Command,2006-01-01
2006 Lebanon War,Lebanon,2006-01-01,False,Levant,Hezbollah,2006-01-01
2006 Lebanon War,Israel,2006-01-01,False,Levant,Hezbollah,2006-01-01
Second Congo War,Democratic Republic of the Congo,2003-01-01,False,Democratic Republic of the Congo,National Union for the Total Independence of Angola,1998-01-01
Second Congo War,Democratic Republic of the Congo,2003-01-01,False,Democratic Republic of the Congo,Democratic Forces for the Liberation of Rwanda,1998-01-01
Second Congo War,Democratic Republic of the Congo,2003-01-01,False,Democratic Republic of the Congo,Movement for the Liberation of the Congo,1998-01-01
Second Congo War,Democratic Republic of the Congo,2003-01-01,False,Democratic Republic of the Congo,National Council for the Defense of Democracy–Forces for the Defense of Democracy,1998-01-01
Second Congo War,Democratic Republic of the Congo,2003-01-01,False,Democratic Republic of the Congo,Forces for Renewal,1998-01-01
Second Congo War,Democratic Republic of the Congo,2003-01-01,False,Democratic Republic of the Congo,Union of Congolese Patriots,1998-01-01
Second Congo War,Democratic Republic of the Congo,2003-01-01,False,Democratic Republic of the Congo,Rally for Congolese Democracy,1998-01-01
Second Congo War,Democratic Republic of the Congo,2003-01-01,False,Democratic Republic of the Congo,National Liberation Front,1998-01-01
2003 invasion of Iraq,Iraq,2003-01-01,False,Iraq,Ansar al-Islam,2003-01-01
Eelam War III,Sri Lanka,2002-01-01,False,Sri Lanka,Liberation Tigers of Tamil Eelam,1995-01-01
Algerian Islamic Front War,Algeria,1999-01-01,False,Algeria,Islamic Salvation Front,1991-01-01
War in Abkhazia (1998),Georgia,1998-01-01,False,Abkhazia,Mkhedrioni,1998-01-01
Civil war in Tajikistan,Tajikistan,1997-01-01,False,Tajikistan,Taliban,1992-01-01
First Congo War,Democratic Republic of the Congo,1997-01-01,False,Zaire,National Union for the Total Independence of Angola,1996-01-01
First Congo War,Democratic Republic of the Congo,1997-01-01,False,Zaire,Alliance of Democratic Forces for the Liberation of Congo,1996-01-01
First Congo War,Democratic Republic of the Congo,1997-01-01,False,Zaire,Army for the Liberation of Rwanda,1996-01-01
Second Liberia War,Liberia,1995-01-01,False,Liberia,National Patriotic Front of Liberia,1992-01-01
Bosnian War,Bosnia and Herzegovina,1995-01-01,False,Bosnia and Herzegovina,NATO,1992-01-01
Eelam War II,Sri Lanka,1995-01-01,False,Sri Lanka,Liberation Tigers of Tamil Eelam,1990-01-01
Nagorno-Karabakh War,Azerbaijan,1994-01-01,False,Azerbaijan,Azerbaijani Popular Front Party,1988-01-01
Nagorno-Karabakh War,Azerbaijan,1994-01-01,False,Armenia,Azerbaijani Popular Front Party,1988-01-01
Nagorno-Karabakh War,Azerbaijan,1994-01-01,False,Azerbaijan,Armenian Revolutionary Federation,1988-01-01
Nagorno-Karabakh War,Azerbaijan,1994-01-01,False,Armenia,Armenian Revolutionary Federation,1988-01-01
Nagorno-Karabakh War,Armenia,1994-01-01,False,Azerbaijan,Azerbaijani Popular Front Party,1988-01-01
Nagorno-Karabakh War,Armenia,1994-01-01,False,Armenia,Azerbaijani Popular Front Party,1988-01-01
Nagorno-Karabakh War,Armenia,1994-01-01,False,Azerbaijan,Armenian Revolutionary Federation,1988-01-01
Nagorno-Karabakh War,Armenia,1994-01-01,False,Armenia,Armenian Revolutionary Federation,1988-01-01
Nagorno-Karabakh War,Azerbaijan,1994-01-01,False,Nagorno-Karabakh,Azerbaijani Popular Front Party,1988-01-01
Nagorno-Karabakh War,Azerbaijan,1994-01-01,False,Nagorno-Karabakh,Armenian Revolutionary Federation,1988-01-01
Nagorno-Karabakh War,Armenia,1994-01-01,False,Nagorno-Karabakh,Azerbaijani Popular Front Party,1988-01-01
Nagorno-Karabakh War,Armenia,1994-01-01,False,Nagorno-Karabakh,Armenian Revolutionary Federation,1988-01-01
Djiboutian Civil War,Djibouti,1994-01-01,False,,Front for the Restoration of Unity and Democracy,1991-01-01
Second Rwanda War,Rwanda,1994-01-01,False,Rwanda,Rwandan Patriotic Front,1994-01-01
War in Abkhazia,Georgia,1993-01-01,False,Abkhazia,Ukrainian National Assembly – Ukrainian National Self Defence,1992-01-01
Salvadoran Civil War,El Salvador,1992-01-01,False,El Salvador,Farabundo Martí National Liberation Front,1979-01-01
Cambodian–Vietnamese War,Cambodia,1991-01-01,False,Cambodia,Kampuchean United Front for National Salvation,1977-01-01
Lebanese Civil War,Lebanon,1990-01-01,False,Lebanon,Amal Movement,1975-01-01
Lebanese Civil War,Lebanon,1990-01-01,False,Lebanon,Islamic Unification Movement,1975-01-01
Lebanese Civil War,Lebanon,1990-01-01,False,Lebanon,Lebanese National Movement,1975-01-01
Lebanese Civil War,Lebanon,1990-01-01,False,Lebanon,Hezbollah,1975-01-01
Lebanese Civil War,Lebanon,1990-01-01,False,Lebanon,Lebanese Front,1975-01-01
Indian intervention in the Sri Lankan Civil War,Sri Lanka,1990-01-01,False,Sri Lanka,Liberation Tigers of Tamil Eelam,1987-01-01
Iran–Iraq War,Iran,1988-01-01,False,Iran,People's Mujahedin of Iran,1980-01-01
Iran–Iraq War,Iraq,1988-01-01,False,Iran,Democratic Party of Iranian Kurdistan,1980-01-01
Iran–Iraq War,Iran,1988-01-01,False,Iran,Kurdistan Democratic Party,1980-01-01
Iran–Iraq War,Iran,1988-01-01,False,Iran,Patriotic Union of Kurdistan,1980-01-01
Iran–Iraq War,Iran,1988-01-01,False,Iran,Islamic Supreme Council of Iraq,1980-01-01
Iran–Iraq War,Iraq,1988-01-01,False,Iran,People's Mujahedin of Iran,1980-01-01
Iran–Iraq War,Iran,1988-01-01,False,Iran,Democratic Party of Iranian Kurdistan,1980-01-01
Iran–Iraq War,Iraq,1988-01-01,False,Iran,Kurdistan Democratic Party,1980-01-01
Iran–Iraq War,Iraq,1988-01-01,False,Iran,Patriotic Union of Kurdistan,1980-01-01
Iran–Iraq War,Iraq,1988-01-01,False,Iran,Islamic Supreme Council of Iraq,1980-01-01
Iran–Iraq War,Iran,1988-01-01,False,Iraq,People's Mujahedin of Iran,1980-01-01
Iran–Iraq War,Iran,1988-01-01,False,Iraq,Patriotic Union of Kurdistan,1980-01-01
Iran–Iraq War,Iraq,1988-01-01,False,Iraq,People's Mujahedin of Iran,1980-01-01
Iran–Iraq War,Iraq,1988-01-01,False,Iraq,Patriotic Union of Kurdistan,1980-01-01
Iran–Iraq War,Iraq,1988-01-01,False,Iraq,Islamic Supreme Council of Iraq,1980-01-01
Iran–Iraq War,Iraq,1988-01-01,False,Iraq,Democratic Party of Iranian Kurdistan,1980-01-01
Iran–Iraq War,Iran,1988-01-01,False,Iraq,Kurdistan Democratic Party,1980-01-01
Iran–Iraq War,Iran,1988-01-01,False,Iraq,Islamic Supreme Council of Iraq,1980-01-01
Iran–Iraq War,Iran,1988-01-01,False,Iraq,Democratic Party of Iranian Kurdistan,1980-01-01
Iran–Iraq War,Iraq,1988-01-01,False,Iraq,Kurdistan Democratic Party,1980-01-01
Iran–Iraq War,Iraq,1988-01-01,False,Persian Gulf,Islamic Supreme Council of Iraq,1980-01-01
Iran–Iraq War,Iran,1988-01-01,False,Persian Gulf,People's Mujahedin of Iran,1980-01-01
Iran–Iraq War,Iraq,1988-01-01,False,Persian Gulf,Democratic Party of Iranian Kurdistan,1980-01-01
Iran–Iraq War,Iran,1988-01-01,False,Persian Gulf,Kurdistan Democratic Party,1980-01-01
Iran–Iraq War,Iran,1988-01-01,False,Persian Gulf,Patriotic Union of Kurdistan,1980-01-01
Iran–Iraq War,Iran,1988-01-01,False,Persian Gulf,Islamic Supreme Council of Iraq,1980-01-01
Iran–Iraq War,Iraq,1988-01-01,False,Persian Gulf,People's Mujahedin of Iran,1980-01-01
Iran–Iraq War,Iran,1988-01-01,False,Persian Gulf,Democratic Party of Iranian Kurdistan,1980-01-01
Iran–Iraq War,Iraq,1988-01-01,False,Persian Gulf,Kurdistan Democratic Party,1980-01-01
Iran–Iraq War,Iraq,1988-01-01,False,Persian Gulf,Patriotic Union of Kurdistan,1980-01-01
Chadian–Libyan conflict,Chad,1987-01-01,False,Chad,FROLINAT,1978-01-01
Eelam War I,Sri Lanka,1987-01-01,False,Sri Lanka,Liberation Tigers of Tamil Eelam,1983-01-01
Lebanon War,Lebanon,1985-01-01,False,Lebanon,Lebanese Front,1982-01-01
Lebanon War,Lebanon,1985-01-01,False,Lebanon,Palestine Liberation Organization,1982-01-01
Lebanon War,Lebanon,1985-01-01,False,Lebanon,Amal Movement,1982-01-01
Lebanon War,Lebanon,1985-01-01,False,Lebanon,Islamic Unification Movement,1982-01-01
Lebanon War,Lebanon,1985-01-01,False,Lebanon,Al-Mourabitoun,1982-01-01
Lebanon War,Lebanon,1985-01-01,False,Lebanon,Kurdistan Workers' Party,1982-01-01
Lebanon War,Lebanon,1985-01-01,False,Lebanon,Hezbollah,1982-01-01
1982 Ethiopian–Somali Border War,Somalia,1982-01-01,False,,Derg,1982-01-01
1982 Ethiopian–Somali Border War,Somalia,1982-01-01,False,,Somali Salvation Democratic Front,1982-01-01
Uganda–Tanzania War,Uganda,1979-01-01,False,Uganda,Uganda National Liberation Front,1978-01-01
Uganda–Tanzania War,Uganda,1979-01-01,False,Uganda,Palestine Liberation Organization,1978-01-01
Indonesian invasion of East Timor,East Timor,1979-01-01,False,East Timor,Timorese Democratic Union,1975-01-01
Indonesian invasion of East Timor,East Timor,1979-01-01,False,East Timor,Timorese Popular Democratic Association,1975-01-01
Indonesian invasion of East Timor,East Timor,1979-01-01,False,East Timor,Revolutionary Front for an Independent East Timor,1975-01-01
Ethio-Somali War,Ethiopia,1978-01-01,False,Ethiopia,Western Somali Liberation Front,1977-01-01
Ethio-Somali War,Ethiopia,1978-01-01,False,Ethiopia,Derg,1977-01-01
Ethio-Somali War,Ethiopia,1978-01-01,False,Ogaden,Western Somali Liberation Front,1977-01-01
Ethio-Somali War,Ethiopia,1978-01-01,False,Ogaden,Derg,1977-01-01
Cambodian Civil War,Cambodia,1975-01-01,False,Khmer Republic,National Front for the Liberation of South Vietnam,1967-01-01
Cambodian Civil War,Cambodia,1975-01-01,False,Kingdom of Cambodia,National Front for the Liberation of South Vietnam,1967-01-01
Cambodian Civil War,Cambodia,1975-01-01,False,Khmer Republic,National United Front of Kampuchea,1967-01-01
Cambodian Civil War,Cambodia,1975-01-01,False,Kingdom of Cambodia,National United Front of Kampuchea,1967-01-01
Vietnam War,Vietnam,1975-01-01,False,South Vietnam,National Front for the Liberation of South Vietnam,1965-01-01
Second Kurdish–Iraqi War,Iraq,1975-01-01,False,,Kurdistan Democratic Party,1974-01-01
Vietnam War,Vietnam,1975-01-01,False,South Vietnam,Pathet Lao,1965-01-01
Yom Kippur War,Israel,1973-01-01,False,Suez Canal,Palestine Liberation Organization,1973-01-01
Yom Kippur War,Israel,1973-01-01,False,Golan Heights,Palestine Liberation Organization,1973-01-01
Yom Kippur War,Israel,1973-01-01,False,Sinai Peninsula,Palestine Liberation Organization,1973-01-01
Yom Kippur War,Israel,1973-01-01,False,Middle East,Palestine Liberation Organization,1973-01-01
Yom Kippur War,Egypt,1973-01-01,False,Suez Canal,Palestine Liberation Organization,1973-01-01
Yom Kippur War,Egypt,1973-01-01,False,Golan Heights,Palestine Liberation Organization,1973-01-01
Yom Kippur War,Egypt,1973-01-01,False,Sinai Peninsula,Palestine Liberation Organization,1973-01-01
Yom Kippur War,Egypt,1973-01-01,False,Middle East,Palestine Liberation Organization,1973-01-01
Yom Kippur War,Syria,1973-01-01,False,Suez Canal,Palestine Liberation Organization,1973-01-01
Yom Kippur War,Syria,1973-01-01,False,Golan Heights,Palestine Liberation Organization,1973-01-01
Yom Kippur War,Syria,1973-01-01,False,Sinai Peninsula,Palestine Liberation Organization,1973-01-01
Yom Kippur War,Syria,1973-01-01,False,Middle East,Palestine Liberation Organization,1973-01-01
First Chad (FROLINAT) Rebellion,Chad,1971-01-01,False,Chad,FROLINAT,1966-01-01
War of Attrition,Egypt,1970-01-01,False,Sinai Peninsula,Palestine Liberation Organization,1967-01-01
Tet Offensive,Vietnam,1968-01-01,False,South Vietnam,National Front for the Liberation of South Vietnam,1968-01-01
War in Afghanistan (2015–),Afghanistan,2017-01-01,False,Afghanistan,Taliban,2015-01-01
Kurdish–Turkish conflict,Turkey,2017-01-01,False,Syria–Turkey border,Kurdistan Freedom Falcons,2015-01-01
Kurdish–Turkish conflict,Turkey,2017-01-01,False,Southeastern Anatolia Region,Kurdistan Freedom Falcons,2015-01-01
Kurdish–Turkish conflict,Iraq,2017-01-01,False,Kurdistan Region,Kurdistan Freedom Falcons,2015-01-01
Kurdish–Turkish conflict,Turkey,2017-01-01,False,Eastern Anatolia Region,Kurdistan Freedom Falcons,2015-01-01
War in North-West Pakistan,Pakistan,2017-01-01,False,Federally Administered Tribal Areas,Lashkar-e-Jhangvi,2004-01-01
Kurdish–Turkish conflict,Iraq,2017-01-01,False,Syria–Turkey border,Kurdistan Freedom Falcons,2015-01-01
Iraqi Civil War (2014–present),Iraq,2017-01-01,False,Iraq,Islamic State of Iraq and the Levant,2014-01-01
Kurdish–Turkish conflict,Iraq,2017-01-01,False,Southeastern Anatolia Region,Kurdistan Freedom Falcons,2015-01-01
Libyan civil war (2014–),Libya,2017-01-01,False,Libya,Islamic State of Iraq and the Levant,2014-01-01
Manbij offensive,Syria,2017-01-01,False,Manbij,Islamic State of Iraq and the Levant,2016-01-01
Kurdish–Turkish conflict,Syria,2017-01-01,False,Kurdistan Region,Kurdistan Freedom Falcons,2015-01-01
Aleppo offensive,Syria,2017-01-01,False,Aleppo Governorate,Al-Nusra Front,2016-01-01
Kurdish–Turkish conflict,Iraq,2017-01-01,False,Eastern Anatolia Region,Kurdistan Freedom Falcons,2015-01-01
Kurdish–Turkish conflict,Syria,2017-01-01,False,Syria–Turkey border,Kurdistan Freedom Falcons,2015-01-01
Kurdish–Turkish conflict,Syria,2017-01-01,False,Southeastern Anatolia Region,Kurdistan Freedom Falcons,2015-01-01
War in North-West Pakistan,Pakistan,2017-01-01,False,Federally Administered Tribal Areas,Islamic State of Iraq and the Levant,2004-01-01
War in North-West Pakistan,Pakistan,2017-01-01,False,Federally Administered Tribal Areas,Turkistan Islamic Party,2004-01-01
War in North-West Pakistan,Pakistan,2017-01-01,False,Federally Administered Tribal Areas,Islamic State of Iraq and the Levant – Khorasan Province,2004-01-01
Kurdish–Turkish conflict,Syria,2017-01-01,False,Eastern Anatolia Region,Kurdistan Freedom Falcons,2015-01-01
War in Afghanistan (2015–),Afghanistan,2017-01-01,False,Afghanistan,Islamic State of Iraq and the Levant – Khorasan Province,2015-01-01
Kurdish–Turkish conflict,Turkey,2017-01-01,False,Kurdistan Region,Kurdistan Freedom Falcons,2015-01-01
Insurgency in the Maghreb (2002–),Algeria,2017-01-01,False,Maghreb,Boko Haram,2002-01-01
Insurgency in the Maghreb (2002–),Libya,2017-01-01,False,Maghreb,Boko Haram,2002-01-01
Insurgency in the Maghreb (2002–),Mauritania,2017-01-01,False,Maghreb,Boko Haram,2002-01-01
Insurgency in the Maghreb (2002–),Morocco,2017-01-01,False,Maghreb,Boko Haram,2002-01-01
Insurgency in the Maghreb (2002–),Tunisia,2017-01-01,False,Maghreb,Boko Haram,2002-01-01
Insurgency in the Maghreb (2002–),Western Sahara,2017-01-01,False,Maghreb,Boko Haram,2002-01-01
Gaza–Israel conflict,Palestine,2017-01-01,False,,Islamic State of Iraq and the Levant,2006-01-01
Gaza–Israel conflict,Israel,2017-01-01,False,,Islamic State of Iraq and the Levant,2006-01-01
Insurgency in the Maghreb (2002–),Algeria,2017-01-01,False,Maghreb,Al-Mourabitoun,2002-01-01
Insurgency in the Maghreb (2002–),Libya,2017-01-01,False,Maghreb,Al-Mourabitoun,2002-01-01
Insurgency in the Maghreb (2002–),Mauritania,2017-01-01,False,Maghreb,Al-Mourabitoun,2002-01-01
Insurgency in the Maghreb (2002–),Morocco,2017-01-01,False,Maghreb,Al-Mourabitoun,2002-01-01
Insurgency in the Maghreb (2002–),Tunisia,2017-01-01,False,Maghreb,Al-Mourabitoun,2002-01-01
Insurgency in the Maghreb (2002–),Western Sahara,2017-01-01,False,Maghreb,Al-Mourabitoun,2002-01-01
Insurgency in the Maghreb (2002–),Algeria,2017-01-01,False,Maghreb,Islamic State of Iraq and the Levant,2002-01-01
Insurgency in the Maghreb (2002–),Libya,2017-01-01,False,Maghreb,Islamic State of Iraq and the Levant,2002-01-01
Insurgency in the Maghreb (2002–),Mauritania,2017-01-01,False,Maghreb,Islamic State of Iraq and the Levant,2002-01-01
Insurgency in the Maghreb (2002–),Morocco,2017-01-01,False,Maghreb,Islamic State of Iraq and the Levant,2002-01-01
Insurgency in the Maghreb (2002–),Tunisia,2017-01-01,False,Maghreb,Islamic State of Iraq and the Levant,2002-01-01
Insurgency in the Maghreb (2002–),Western Sahara,2017-01-01,False,Maghreb,Islamic State of Iraq and the Levant,2002-01-01
Tell Abyad offensive,Syria,2015-01-01,False,,Islamic State of Iraq and the Levant,2015-01-01
2014 Israel–Gaza conflict,Palestine,2014-01-01,False,Israel,Hamas,2014-01-01
2014 Israel–Gaza conflict,Israel,2014-01-01,False,Israel,Hamas,2014-01-01
2014 Israel–Gaza conflict,Palestine,2014-01-01,False,Gaza Strip,Hamas,2014-01-01
2014 Israel–Gaza conflict,Israel,2014-01-01,False,Gaza Strip,Hamas,2014-01-01
2014 Israel–Gaza conflict,Palestine,2014-01-01,False,Israel,Abdullah Azzam Shaheed Brigade,2014-01-01
2014 Israel–Gaza conflict,Israel,2014-01-01,False,Israel,Abdullah Azzam Shaheed Brigade,2014-01-01
2014 Israel–Gaza conflict,Palestine,2014-01-01,False,Gaza Strip,Abdullah Azzam Shaheed Brigade,2014-01-01
2014 Israel–Gaza conflict,Israel,2014-01-01,False,Gaza Strip,Abdullah Azzam Shaheed Brigade,2014-01-01
2014 Israel–Gaza conflict,Palestine,2014-01-01,False,Israel,Hamas,2014-01-01
2014 Israel–Gaza conflict,Israel,2014-01-01,False,Israel,Hamas,2014-01-01
2014 Israel–Gaza conflict,Palestine,2014-01-01,False,Gaza Strip,Hamas,2014-01-01
2014 Israel–Gaza conflict,Israel,2014-01-01,False,Gaza Strip,Hamas,2014-01-01
2014 Israel–Gaza conflict,Palestine,2014-01-01,False,Israel,Abdullah Azzam Shaheed Brigade,2014-01-01
2014 Israel–Gaza conflict,Israel,2014-01-01,False,Israel,Abdullah Azzam Shaheed Brigade,2014-01-01
2014 Israel–Gaza conflict,Palestine,2014-01-01,False,Israel,Islamic Jihad Movement in Palestine,2014-01-01
2014 Israel–Gaza conflict,Israel,2014-01-01,False,Israel,Islamic Jihad Movement in Palestine,2014-01-01
2014 Israel–Gaza conflict,Palestine,2014-01-01,False,Gaza Strip,Abdullah Azzam Shaheed Brigade,2014-01-01
2014 Israel–Gaza conflict,Israel,2014-01-01,False,Gaza Strip,Abdullah Azzam Shaheed Brigade,2014-01-01
2014 Israel–Gaza conflict,Palestine,2014-01-01,False,Gaza Strip,Islamic Jihad Movement in Palestine,2014-01-01
2014 Israel–Gaza conflict,Israel,2014-01-01,False,Gaza Strip,Islamic Jihad Movement in Palestine,2014-01-01
War in Afghanistan,Afghanistan,2014-01-01,False,Afghanistan,Turkistan Islamic Party,2001-01-01
2014 Israel–Gaza conflict,Palestine,2014-01-01,False,Israel,Islamic Jihad Movement in Palestine,2014-01-01
2014 Israel–Gaza conflict,Israel,2014-01-01,False,Israel,Islamic Jihad Movement in Palestine,2014-01-01
2014 Israel–Gaza conflict,Palestine,2014-01-01,False,Gaza Strip,Islamic Jihad Movement in Palestine,2014-01-01
2014 Israel–Gaza conflict,Israel,2014-01-01,False,Gaza Strip,Islamic Jihad Movement in Palestine,2014-01-01
Aleppo offensive,Syria,2013-01-01,False,Aleppo Governorate,Al-Nusra Front,2013-01-01
Aleppo offensive,Syria,2013-01-01,False,Aleppo Governorate,Islamic State of Iraq and the Levant,2013-01-01
Gaza War,Palestine,2009-01-01,False,Southern District,Islamic Jihad Movement in Palestine,2008-01-01
Gaza War,Palestine,2009-01-01,False,Gaza Strip,Islamic Jihad Movement in Palestine,2008-01-01
Second Chechen War,Russia,2009-01-01,False,Chechen Republic,Caucasus Emirate,1999-01-01
Gaza War,Israel,2009-01-01,False,Southern District,Islamic Jihad Movement in Palestine,2008-01-01
Gaza War,Israel,2009-01-01,False,Gaza Strip,Islamic Jihad Movement in Palestine,2008-01-01
Gaza War,Palestine,2009-01-01,False,Southern District,Hamas,2008-01-01
Gaza War,Palestine,2009-01-01,False,Gaza Strip,Hamas,2008-01-01
Gaza War,Israel,2009-01-01,False,Southern District,Hamas,2008-01-01
Gaza War,Israel,2009-01-01,False,Gaza Strip,Hamas,2008-01-01
Civil war in Tajikistan,Tajikistan,1997-01-01,False,Tajikistan,Taliban,1992-01-01
Lebanon War,Lebanon,1985-01-01,False,Lebanon,Kurdistan Workers' Party,1982-01-01
